[18:03:26] ===== 开始生成 300 张动物配图 =====
[18:03:26] 待生成: 299 / 总 300
[18:04:52] ===== 开始生成 300 张动物配图 (v2.0 6路并发) =====
[18:04:52] 待生成: 299 / 总 300 (已存在 1)
[18:05:51] [1/299] ✓ 川金丝猴 - OK 219869 bytes
[18:05:56] [1/299] ✓ 川金丝猴 - OK 207652 bytes (1.1min,并发6)
[18:06:38] [2/299] ✓ 藏羚羊 - OK 191637 bytes
[18:07:20] [2/299] ✓ 东北虎 - OK 184599 bytes (2.5min,并发6)
[18:07:28] [3/299] ✓ 藏羚羊 - OK 196301 bytes (2.6min,并发6)
[18:08:48] [4/299] ✓ 雪豹 - OK 227277 bytes (3.9min,并发6)
[18:08:54] [5/299] ✓ 华南虎 - OK 240617 bytes (4.0min,并发6)
[18:10:17] [6/299] ✓ 非洲狮 - OK 205924 bytes (5.4min,并发6)
[18:10:40] [7/299] ✓ 花豹 - OK 237409 bytes (5.8min,并发6)
[18:10:50] [8/299] ✓ 云豹 - OK 216701 bytes (6.0min,并发6)
[18:11:17] [9/299] ✓ 亚洲象 - OK 272976 bytes (6.4min,并发6)
[18:11:20] [10/299] ✓ 猎豹 - OK 182684 bytes (6.5min,并发6)
[18:11:46] [11/299] ✓ 长颈鹿 - OK 222179 bytes (6.9min,并发6)
[18:11:54] [12/299] ✓ 非洲象 - OK 181193 bytes (7.0min,并发6)
[18:12:14] [13/299] ✓ 北极熊 - OK 156209 bytes (7.4min,并发6)
[18:12:33] [14/299] ✓ 棕熊 - OK 276051 bytes (7.7min,并发6)
[18:12:59] [15/299] ✓ 大猩猩 - OK 243822 bytes (8.1min,并发6)
[18:13:38] [16/299] ✓ 美洲黑熊 - OK 280135 bytes (8.8min,并发6)
[18:13:47] [17/299] ✓ 马来熊 - OK 238196 bytes (8.9min,并发6)
[18:15:01] [18/299] ✓ 黑猩猩 - OK 234289 bytes (10.1min,并发6)
[18:15:24] [19/299] ✓ 猕猴 - OK 212582 bytes (10.5min,并发6)
[18:15:27] [20/299] ✓ 苏门答腊猩猩 - OK 231283 bytes (10.6min,并发6)
[18:15:29] [21/299] ✓ 滇金丝猴 - OK 229068 bytes (10.6min,并发6)
[18:15:48] [22/299] ✓ 山魈 - OK 226681 bytes (10.9min,并发6)
[18:15:48] [23/299] ✓ 环尾狐猴 - OK 255812 bytes (10.9min,并发6)
[18:16:07] [24/299] ✓ 白头叶猴 - OK 200922 bytes (11.2min,并发6)
[18:16:32] [25/299] ✓ 狒狒 - OK 207755 bytes (11.7min,并发6)
[18:16:38] [26/299] ✓ 白鱀豚 - OK 192110 bytes (11.8min,并发6)
[18:16:52] [27/299] ✓ 宽吻海豚 - OK 242720 bytes (12.0min,并发6)
[18:17:04] [28/299] ✓ 虎鲸 - OK 230593 bytes (12.2min,并发6)
[18:17:43] [29/299] ✓ 蓝鲸 - OK 212767 bytes (12.9min,并发6)
[18:18:42] [30/299] ✓ 座头鲸 - OK 268512 bytes (13.8min,并发6)
[18:19:06] [31/299] ✓ 梅花鹿 - OK 168056 bytes (14.2min,并发6)
[18:19:08] [32/299] ✓ 加州海狮 - OK 199302 bytes (14.3min,并发6)
[18:19:09] [33/299] ✓ 儒艮 - OK 216674 bytes (14.3min,并发6)
[18:19:20] [34/299] ✓ 海象 - OK 196559 bytes (14.5min,并发6)
[18:21:06] [35/299] ✓ 斑海豹 - OK 115819 bytes (16.2min,并发6)
[18:21:14] [36/299] ✓ 江豚 - OK 165454 bytes (16.4min,并发6)
[18:21:40] [37/299] ✓ 驯鹿 - OK 186067 bytes (16.8min,并发6)
[18:21:41] [38/299] ✓ 野牦牛 - OK 264377 bytes (16.8min,并发6)
[18:21:55] [39/299] ✓ 白唇鹿 - OK 208901 bytes (17.1min,并发6)
[18:22:37] [40/299] ✓ 驼鹿 - OK 191569 bytes (17.8min,并发6)
[18:22:59] [41/299] ✓ 马鹿 - OK 199557 bytes (18.1min,并发6)
[18:23:31] [42/299] ✓ 麋鹿 - OK 232615 bytes (18.7min,并发6)
[18:23:55] [43/299] ✓ 河马 - OK 234155 bytes (19.0min,并发6)
[18:23:57] [44/299] ✓ 白犀 - OK 208254 bytes (19.1min,并发6)
[18:24:04] [45/299] ✓ 藏野驴 - OK 204369 bytes (19.2min,并发6)
[18:24:35] [46/299] ✓ 普氏野马 - OK 193775 bytes (19.7min,并发6)
[18:24:45] [47/299] ✓ 黑犀 - OK 263917 bytes (19.9min,并发6)
[18:24:49] [48/299] ✓ 斑马 - OK 222455 bytes (20.0min,并发6)
[18:25:06] [49/299] ✓ 非洲水牛 - OK 226598 bytes (20.2min,并发6)
[18:25:21] [50/299] ✓ 美洲野牛 - OK 190813 bytes (20.5min,并发6)
[18:25:56] [51/299] ✓ 高鼻羚羊 - OK 180020 bytes (21.1min,并发6)
[18:25:58] [52/299] ✓ 盘羊 - OK 221812 bytes (21.1min,并发6)
[18:26:44] [53/299] ✓ 岩羊 - OK 254021 bytes (21.9min,并发6)
[18:29:51] [54/299] ✓ 角马 - OK 261191 bytes (25.0min,并发6)
[18:30:20] [55/299] ✓ 北极狐 - OK 145968 bytes (25.5min,并发6)
[18:30:52] [56/299] ✓ 赤狐 - OK 178241 bytes (26.0min,并发6)
[18:31:01] [57/299] ✓ 豺 - OK 225195 bytes (26.1min,并发6)
[18:31:03] [58/299] ✓ 北山羊 - OK 212021 bytes (26.2min,并发6)
[18:31:29] [59/299] ✓ 中华鬣羚 - OK 212578 bytes (26.6min,并发6)
[18:32:09] [60/299] ✓ 狼 - OK 169595 bytes (27.3min,并发6)
[18:32:34] [61/299] ✓ 三趾树懒 - OK 208165 bytes (27.7min,并发6)
[18:32:37] [62/299] ✓ 中华穿山甲 - OK 253885 bytes (27.8min,并发6)
[18:32:39] [63/299] ✓ 九带犰狳 - OK 239710 bytes (27.8min,并发6)
[18:33:41] [64/299] ✓ 小熊猫 - OK 210739 bytes (28.8min,并发6)
[18:33:49] [65/299] ✓ 大食蚁兽 - OK 225663 bytes (28.9min,并发6)
[18:35:25] [66/299] ✓ 浣熊 - OK 243640 bytes (30.5min,并发6)
[18:36:15] [67/299] ✓ 鸭嘴兽 - OK 213808 bytes (31.4min,并发6)
[18:36:18] [68/299] ✓ 袋鼠 - OK 170525 bytes (31.4min,并发6)
[18:36:31] [69/299] ✓ 貘 - OK 218491 bytes (31.6min,并发6)
[18:36:31] [70/299] ✓ 树袋熊 - OK 232363 bytes (31.6min,并发6)
[18:38:03] [71/299] ✓ 袋熊 - OK 213393 bytes (33.2min,并发6)
[18:43:28] [72/299] ✓ 土豚 - OK 220594 bytes (38.6min,并发6)
[18:44:15] [73/299] ✓ 海獭 - OK 212903 bytes (39.4min,并发6)
[18:44:15] [74/299] ✓ 西印度海牛 - OK 195273 bytes (39.4min,并发6)
[18:44:26] [75/299] ✓ 小鼩鼱 - OK 180186 bytes (39.6min,并发6)
[18:44:29] [76/299] ✓ 针鼹 - OK 263201 bytes (39.6min,并发6)
[18:45:08] [77/299] ✓ 水獭 - OK 226473 bytes (40.3min,并发6)
[18:47:16] [78/299] ✓ 河狸 - OK 243977 bytes (42.4min,并发6)
[18:47:41] [79/299] ✓ 海狸鼠 - OK 210254 bytes (42.8min,并发6)
[18:47:46] [80/299] ✓ 灰松鼠 - OK 186673 bytes (42.9min,并发6)
[18:48:12] [81/299] ✓ 松鼠 - OK 195826 bytes (43.3min,并发6)
[18:48:23] [82/299] ✓ 草原犬鼠 - OK 202045 bytes (43.5min,并发6)
[18:49:43] [83/299] ✓ 刺猬 - OK 216962 bytes (44.9min,并发6)
[18:52:31] [84/299] ✓ 旱獭 - OK 207029 bytes (47.7min,并发6)
[18:52:54] [85/299] ✓ 朱鹮 - OK 130264 bytes (48.0min,并发6)
[18:52:56] [86/299] ✓ 丹顶鹤 - OK 114007 bytes (48.1min,并发6)
[18:53:23] [87/299] ✓ 果蝠 - OK 188475 bytes (48.5min,并发6)
[18:53:39] [88/299] ✓ 鼹鼠 - OK 231322 bytes (48.8min,并发6)
[18:55:46] [89/299] ✓ 蝙蝠 - OK 182162 bytes (50.9min,并发6)
[18:56:31] [90/299] ✓ 黑颈鹤 - OK 168224 bytes (51.6min,并发6)
[18:57:10] [91/299] ✓ 黑鹳 - OK 217533 bytes (52.3min,并发6)
[18:57:30] [92/299] ✓ 白鹤 - OK 98263 bytes (52.6min,并发6)
[18:57:37] [93/299] ✓ 红腹锦鸡 - OK 250295 bytes (52.7min,并发6)
[18:58:23] [94/299] ✓ 绿孔雀 - OK 255107 bytes (53.5min,并发6)
[18:58:35] [95/299] ✓ 东方白鹳 - OK 176173 bytes (53.7min,并发6)
[18:59:47] [96/299] ✓ 蓝孔雀 - OK 272445 bytes (54.9min,并发6)
[19:00:20] [97/299] ✓ 白头海雕 - OK 178580 bytes (55.5min,并发6)
[19:00:51] [98/299] ✓ 白冠长尾雉 - OK 204446 bytes (56.0min,并发6)
[19:01:25] [99/299] ✓ 蓝马鸡 - OK 161664 bytes (56.6min,并发6)
[19:01:27] [100/299] ✓ 白腹锦鸡 - OK 216984 bytes (56.6min,并发6)
[19:06:34] [101/299] ✓ 金雕 - OK 176069 bytes (61.7min,并发6)
[19:07:49] [102/299] ✓ 褐马鸡 - OK 236328 bytes (62.9min,并发6)
[19:08:09] [103/299] ✓ 仓鸮 - OK 123242 bytes (63.3min,并发6)
[19:08:14] [104/299] ✓ 白尾海雕 - OK 169105 bytes (63.4min,并发6)
[19:08:27] [105/299] ✓ 安第斯神鹫 - OK 218805 bytes (63.6min,并发6)
[19:08:28] [106/299] ✓ 雕鸮 - OK 168402 bytes (63.6min,并发6)
[19:08:39] [107/299] ✓ 秃鹫 - OK 198370 bytes (63.8min,并发6)
[19:08:49] [108/299] ✓ 雪鸮 - OK 153625 bytes (63.9min,并发6)
[19:09:14] [109/299] ✓ 红隼 - OK 97241 bytes (64.4min,并发6)
[19:09:39] [110/299] ✓ 游隼 - OK 165960 bytes (64.8min,并发6)
[19:09:51] [111/299] ✓ 猎隼 - OK 205205 bytes (65.0min,并发6)
[19:10:14] [112/299] ✓ 鸵鸟 - OK 187844 bytes (65.4min,并发6)
[19:10:41] [113/299] ✓ 鸸鹋 - OK 203499 bytes (65.8min,并发6)
[19:11:16] [114/299] ✓ 帝企鹅 - OK 182130 bytes (66.4min,并发6)
[19:11:38] [115/299] ✓ 火烈鸟 - OK 217607 bytes (66.8min,并发6)
[19:11:44] [116/299] ✓ 麦哲伦企鹅 - OK 195754 bytes (66.9min,并发6)
[19:11:45] [117/299] ✓ 白鹭 - OK 149682 bytes (66.9min,并发6)
[19:12:45] [118/299] ✓ 苍鹭 - OK 161153 bytes (67.9min,并发6)
[19:13:01] [119/299] ✓ 王企鹅 - OK 202508 bytes (68.1min,并发6)
[19:14:31] [120/299] ✓ 阿德利企鹅 - OK 154704 bytes (69.6min,并发6)
[19:14:54] [121/299] ✓ 绿头鸭 - OK 176194 bytes (70.0min,并发6)
[19:14:59] [122/299] ✓ 疣鼻天鹅 - OK 159364 bytes (70.1min,并发6)
[19:15:04] [123/299] ✓ 大天鹅 - OK 108353 bytes (70.2min,并发6)
[19:15:47] [124/299] ✓ 鸳鸯 - OK 216108 bytes (70.9min,并发6)
[19:16:09] [125/299] ✓ 黑天鹅 - OK 143677 bytes (71.3min,并发6)
[19:16:52] [126/299] ✓ 大白鹭 - OK 141639 bytes (72.0min,并发6)
[19:17:13] [127/299] ✓ 中华秋沙鸭 - OK 220121 bytes (72.3min,并发6)
[19:17:17] [128/299] ✓ 大鸨 - OK 199124 bytes (72.4min,并发6)
[19:18:19] [129/299] ✓ 鸿雁 - OK 151874 bytes (73.5min,并发6)
[19:18:38] [130/299] ✓ 白鹇 - OK 222309 bytes (73.8min,并发6)
[19:20:07] [131/299] ✓ 绿尾虹雉 - OK 226920 bytes (75.3min,并发6)
[19:20:15] [132/299] ✓ 黄腹角雉 - OK 216014 bytes (75.4min,并发6)
[19:20:48] [133/299] ✓ 巨嘴鸟 - OK 175566 bytes (75.9min,并发6)
[19:20:48] [134/299] ✓ 双角犀鸟 - OK 190328 bytes (75.9min,并发6)
[19:20:55] [135/299] ✓ 红玉喉蜂鸟 - OK 111439 bytes (76.0min,并发6)
[19:22:47] [136/299] ✓ 翠鸟 - OK 212202 bytes (77.9min,并发6)
[19:24:09] [137/299] ✓ 戴胜 - OK 152036 bytes (79.3min,并发6)
[19:24:25] [138/299] ✓ 冠斑犀鸟 - OK 194194 bytes (79.6min,并发6)
[19:24:47] [139/299] ✓ 大斑啄木鸟 - OK 220255 bytes (79.9min,并发6)
[19:24:49] [140/299] ✗ 孔雀雉 - HTTP400(内容被拒): b'{"error":{"message":"Unable to generate this content. Please modify your prompt and try again.","type":"invalid_request_error","param":"prompt","code"' (79.9min,并发6)
[19:25:01] [141/299] ✓ 金刚鹦鹉 - OK 172287 bytes (80.2min,并发6)
[19:25:32] [142/299] ✓ 灰鹦鹉 - OK 147721 bytes (80.7min,并发6)
[19:25:44] [143/299] ✓ 葵花凤头鹦鹉 - OK 161781 bytes (80.9min,并发6)
[19:26:51] [144/299] ✓ 虎皮鹦鹉 - OK 190572 bytes (82.0min,并发6)
[19:27:09] [145/299] ✓ 画眉 - OK 160967 bytes (82.3min,并发6)
[19:27:53] [146/299] ✓ 喜鹊 - OK 137412 bytes (83.0min,并发6)
[19:27:53] [147/299] ✓ 蒙古百灵 - OK 179476 bytes (83.0min,并发6)
[19:27:54] [148/299] ✓ 太平鸟 - OK 124333 bytes (83.0min,并发6)
[19:27:55] [149/299] ✓ 红嘴蓝鹊 - OK 174696 bytes (83.1min,并发6)
[19:27:58] [150/299] ✓ 黑枕黄鹂 - OK 134640 bytes (83.1min,并发6)
[19:28:21] [151/299] ✓ 信天翁 - OK 186534 bytes (83.5min,并发6)
[19:28:59] [152/299] ✓ 麻雀 - OK 150386 bytes (84.1min,并发6)
[19:29:05] [153/299] ✓ 卷羽鹈鹕 - OK 159167 bytes (84.2min,并发6)
[19:29:24] [154/299] ✓ 金丝雀 - OK 148364 bytes (84.5min,并发6)
[19:29:42] [155/299] ✓ 家燕 - OK 115809 bytes (84.8min,并发6)
[19:30:10] [156/299] ✓ 白鹈鹕 - OK 182224 bytes (85.3min,并发6)
[19:30:36] [157/299] ✓ 鸬鹚 - OK 193685 bytes (85.7min,并发6)
[19:30:48] [158/299] ✓ 鲸头鹳 - OK 162180 bytes (85.9min,并发6)
[19:30:53] [159/299] ✓ 北极燕鸥 - OK 102884 bytes (86.0min,并发6)
[19:31:56] [160/299] ✓ 中华鲟 - OK 175450 bytes (87.1min,并发6)
[19:32:03] [161/299] ✓ 黄胸鹀 - OK 110910 bytes (87.2min,并发6)
[19:34:40] [162/299] ✓ 遗鸥 - OK 196853 bytes (89.8min,并发6)
[19:35:06] [163/299] ✓ 长江白鲟 - OK 187476 bytes (90.2min,并发6)
[19:35:08] [164/299] ✓ 旗鱼 - OK 180899 bytes (90.3min,并发6)
[19:35:14] [165/299] ✓ 大西洋鲑 - OK 254089 bytes (90.4min,并发6)
[19:35:16] [166/299] ✓ 蓝鳍金枪鱼 - OK 126459 bytes (90.4min,并发6)
[19:36:23] [167/299] ✓ 剑鱼 - OK 251209 bytes (91.5min,并发6)
[19:36:32] [168/299] ✓ 大马哈鱼 - OK 238315 bytes (91.7min,并发6)
[19:36:54] [169/299] ✓ 鳐鱼 - OK 198948 bytes (92.0min,并发6)
[19:36:58] [170/299] ✓ 鲸鲨 - OK 202195 bytes (92.1min,并发6)
[19:37:05] [171/299] ✓ 锤头鲨 - OK 158843 bytes (92.2min,并发6)
[19:37:24] [172/299] ✓ 蝠鲼 - OK 220497 bytes (92.5min,并发6)
[19:37:40] [173/299] ✓ 虎鲨 - OK 212700 bytes (92.8min,并发6)
[19:38:37] [174/299] ✓ 大白鲨 - OK 140736 bytes (93.8min,并发6)
[19:38:53] [175/299] ✓ 翻车鱼 - OK 203621 bytes (94.0min,并发6)
[19:38:59] [176/299] ✓ 蓝吊 - OK 229346 bytes (94.1min,并发6)
[19:39:39] [177/299] ✓ 比目鱼 - OK 215849 bytes (94.8min,并发6)
[19:39:47] [178/299] ✓ 海马 - OK 189973 bytes (94.9min,并发6)
[19:39:51] [179/299] ✓ 小丑鱼 - OK 233077 bytes (95.0min,并发6)
[19:41:50] [180/299] ✓ 河豚 - OK 221057 bytes (97.0min,并发6)
[19:42:26] [181/299] ✓ 鳜鱼 - OK 191003 bytes (97.6min,并发6)
[19:42:40] [182/299] ✓ 泰国斗鱼 - OK 167128 bytes (97.8min,并发6)
[19:42:54] [183/299] ✓ 神仙鱼 - OK 176162 bytes (98.0min,并发6)
[19:45:24] [184/299] ✓ 锦鲤 - OK 199443 bytes (100.5min,并发6)
[19:45:30] [185/299] ✓ 草鱼 - OK 195744 bytes (100.6min,并发6)
[19:46:53] [186/299] ✓ 金鱼 - OK 194019 bytes (102.0min,并发6)
[19:47:14] [187/299] ✗ 黄鳝 - HTTP400(内容被拒): b'{"error":{"message":"Unable to generate this content. Please modify your prompt and try again.","type":"invalid_request_error","param":"prompt","code"' (102.4min,并发6)
[19:47:19] [188/299] ✓ 带鱼 - OK 153321 bytes (102.4min,并发6)
[19:47:19] [189/299] ✓ 泥鳅 - OK 184375 bytes (102.5min,并发6)
[19:47:22] [190/299] ✓ 日本鳗鲡 - OK 207583 bytes (102.5min,并发6)
[19:48:00] [191/299] ✓ 大黄鱼 - OK 184882 bytes (103.1min,并发6)
[19:48:05] [192/299] ✓ 银鲳 - OK 178525 bytes (103.2min,并发6)
[19:48:27] [193/299] ✓ 射水鱼 - OK 198508 bytes (103.6min,并发6)
[19:48:30] [194/299] ✓ 矛尾鱼 - OK 134740 bytes (103.6min,并发6)
[19:48:34] [195/299] ✓ 电鳗 - OK 175022 bytes (103.7min,并发6)
[19:48:39] [196/299] ✓ 鲶鱼 - OK 200908 bytes (103.8min,并发6)
[19:49:38] [197/299] ✓ 肺鱼 - OK 192651 bytes (104.8min,并发6)
[19:49:58] [198/299] ✓ 红腹食人鲳 - OK 183100 bytes (105.1min,并发6)
[19:50:24] [199/299] ✓ 波纹唇鱼 - OK 235536 bytes (105.5min,并发6)
[19:50:27] [200/299] ✓ 鮟鱇鱼 - OK 138095 bytes (105.6min,并发6)
[19:50:32] [201/299] ✓ 弹涂鱼 - OK 206401 bytes (105.7min,并发6)
[19:51:01] [202/299] ✓ 巨石斑鱼 - OK 232281 bytes (106.2min,并发6)
[19:51:05] [203/299] ✓ 皇带鱼 - OK 117016 bytes (106.2min,并发6)
[19:52:17] [204/299] ✓ 飞鱼 - OK 222869 bytes (107.4min,并发6)
[19:52:42] [205/299] ✓ 蓑鲉 - OK 242027 bytes (107.8min,并发6)
[19:52:48] [206/299] ✓ 罗非鱼 - OK 208824 bytes (107.9min,并发6)
[19:53:07] [207/299] ✓ 石头鱼 - OK 260788 bytes (108.3min,并发6)
[19:53:14] [208/299] ✓ 雀鳝 - OK 187319 bytes (108.4min,并发6)
[19:53:22] [209/299] ✓ 鳕鱼 - OK 196255 bytes (108.5min,并发6)
[19:53:23] [210/299] ✓ 亚洲龙鱼 - OK 139168 bytes (108.5min,并发6)
[19:53:50] [211/299] ✓ 尼罗鳄 - OK 251857 bytes (109.0min,并发6)
[19:53:58] [212/299] ✓ 虹鳟 - OK 251389 bytes (109.1min,并发6)
[19:53:59] [213/299] ✓ 棱皮龟 - OK 174169 bytes (109.1min,并发6)
[19:54:13] [214/299] ✓ 湾鳄 - OK 204944 bytes (109.3min,并发6)
[19:54:32] [215/299] ✓ 扬子鳄 - OK 212395 bytes (109.7min,并发6)
[19:54:34] [216/299] ✓ 美洲短吻鳄 - OK 204797 bytes (109.7min,并发6)
[19:55:05] [217/299] ✓ 科摩多巨蜥 - OK 235609 bytes (110.2min,并发6)
[19:55:05] [218/299] ✓ 玳瑁 - OK 266507 bytes (110.2min,并发6)
[19:56:47] [219/299] ✗ 加拉帕戈斯象龟 - HTTP400(内容被拒): b'{"error":{"message":"Unable to generate this content. Please modify your prompt and try again.","type":"invalid_request_error","param":"prompt","code"' (111.9min,并发6)
[19:57:01] [220/299] ✓ 绿海龟 - OK 233939 bytes (112.2min,并发6)
[19:57:56] [221/299] ✓ 中华草龟 - OK 213345 bytes (113.1min,并发6)
[19:58:27] [222/299] ✓ 苏卡达陆龟 - OK 228460 bytes (113.6min,并发6)
[19:58:47] [223/299] ✓ 大壁虎 - OK 202512 bytes (113.9min,并发6)
[19:59:33] [224/299] ✓ 高冠变色龙 - OK 180400 bytes (114.7min,并发6)
[19:59:33] [225/299] ✓ 绿鬣蜥 - OK 227856 bytes (114.7min,并发6)
[20:00:43] [226/299] ✓ 豹纹守宫 - OK 194644 bytes (115.8min,并发6)
[20:01:00] [227/299] ✓ 泽巨蜥 - OK 215854 bytes (116.1min,并发6)
[20:02:31] [228/299] ✓ 鬃狮蜥 - OK 214785 bytes (117.7min,并发6)
[20:02:49] [229/299] ✗ 缅甸蟒 - HTTP400(内容被拒): b'{"error":{"message":"Unable to generate this content. Please modify your prompt and try again.","type":"invalid_request_error","param":"prompt","code"' (118.0min,并发6)
[20:03:03] [230/299] ✓ 网纹蟒 - OK 247966 bytes (118.2min,并发6)
[20:03:40] [231/299] ✓ 绿树蟒 - OK 217241 bytes (118.8min,并发6)
[20:03:43] [232/299] ✓ 眼镜王蛇 - OK 189370 bytes (118.9min,并发6)
[20:03:49] [233/299] ✓ 眼镜蛇 - OK 153943 bytes (118.9min,并发6)
[20:07:07] [234/299] ✓ 银环蛇 - OK 171677 bytes (122.3min,并发6)
[20:07:28] [235/299] ✓ 响尾蛇 - OK 211896 bytes (122.6min,并发6)
[20:07:30] [236/299] ✓ 球蟒 - OK 160526 bytes (122.6min,并发6)
[20:07:52] [237/299] ✓ 竹叶青 - OK 184663 bytes (123.0min,并发6)
[20:08:09] [238/299] ✗ 加州王蛇 - HTTP400(内容被拒): b'{"error":{"message":"Unable to generate this content. Please modify your prompt and try again.","type":"invalid_request_error","param":"prompt","code"' (123.3min,并发6)
[20:08:53] [239/299] ✓ 尖吻蝮 - OK 171135 bytes (124.0min,并发6)
[20:09:43] [240/299] ✓ 青环海蛇 - OK 216236 bytes (124.8min,并发6)
[20:10:07] [241/299] ✓ 蓝舌石龙子 - OK 206265 bytes (125.2min,并发6)
[20:10:15] [242/299] ✓ 玉米蛇 - OK 149930 bytes (125.4min,并发6)
[20:10:23] [243/299] ✓ 希拉毒蜥 - OK 269092 bytes (125.5min,并发6)
[20:10:29] [244/299] ✓ 印度星龟 - OK 208566 bytes (125.6min,并发6)
[20:10:33] [245/299] ✓ 安乐蜥 - OK 175049 bytes (125.7min,并发6)
[20:10:59] [246/299] ✓ 豹纹陆龟 - OK 241715 bytes (126.1min,并发6)
[20:11:28] [247/299] ✓ 猪鼻龟 - OK 209742 bytes (126.6min,并发6)
[20:11:33] [248/299] ✓ 美洲鳄蜥 - OK 232239 bytes (126.7min,并发6)
[20:11:33] [249/299] ✓ 东方蝾螈 - OK 160912 bytes (126.7min,并发6)
[20:11:34] [250/299] ✓ 中国大鲵 - OK 240467 bytes (126.7min,并发6)
[20:11:39] [251/299] ✓ 缅甸陆龟 - OK 224967 bytes (126.8min,并发6)
[20:12:35] [252/299] ✓ 鳄龟 - OK 225011 bytes (127.7min,并发6)
[20:13:06] [253/299] ✓ 金色箭毒蛙 - OK 167571 bytes (128.2min,并发6)
[20:13:14] [254/299] ✓ 非洲爪蟾 - OK 161749 bytes (128.4min,并发6)
[20:13:25] [255/299] ✓ 牛蛙 - OK 184184 bytes (128.6min,并发6)
[20:13:35] [256/299] ✓ 玻璃蛙 - OK 131370 bytes (128.7min,并发6)
[20:13:44] [257/299] ✓ 中国林蛙 - OK 228061 bytes (128.9min,并发6)
[20:14:03] [258/299] ✓ 红眼树蛙 - OK 144705 bytes (129.2min,并发6)
[20:14:26] [259/299] ✓ 黑斑侧褶蛙 - OK 167134 bytes (129.6min,并发6)
[20:14:27] [260/299] ✗ 火蝾螈 - HTTP400(内容被拒): b'{"error":{"message":"Unable to generate this content. Please modify your prompt and try again.","type":"invalid_request_error","param":"prompt","code"' (129.6min,并发6)
[20:14:42] [261/299] ✓ 海蟾蜍 - OK 219766 bytes (129.8min,并发6)
[20:14:42] [262/299] ✓ 墨西哥钝口螈 - OK 145835 bytes (129.8min,并发6)
[20:15:12] [263/299] ✓ 角蛙 - OK 188329 bytes (130.3min,并发6)
[20:15:54] [264/299] ✓ 中华蟾蜍 - OK 181664 bytes (131.0min,并发6)
[20:16:24] [265/299] ✓ 斑腿泛树蛙 - OK 159311 bytes (131.5min,并发6)
[20:16:48] [266/299] ✓ 石蛙 - OK 224553 bytes (131.9min,并发6)
[20:16:58] [267/299] ✓ 中华蜜蜂 - OK 153667 bytes (132.1min,并发6)
[20:16:59] [268/299] ✓ 虎纹蛙 - OK 174979 bytes (132.1min,并发6)
[20:17:19] [269/299] ✓ 锯缘龟蛙 - OK 190696 bytes (132.4min,并发6)
[20:18:04] [270/299] ✓ 雨蛙 - OK 162654 bytes (133.2min,并发6)
[20:18:30] [271/299] ✓ 帝王蝶 - OK 213313 bytes (133.6min,并发6)
[20:19:05] [272/299] ✓ 乌桕大蚕蛾 - OK 252949 bytes (134.2min,并发6)
[20:19:44] [273/299] ✓ 独角仙 - OK 162077 bytes (134.9min,并发6)
[20:20:18] [274/299] ✓ 意大利蜂 - OK 196622 bytes (135.4min,并发6)
[20:22:18] [275/299] ✓ 枯叶蝶 - OK 178829 bytes (137.4min,并发6)
[20:41:55] ===== 开始生成 1000 张动物配图 (v2.0 10路并发) =====
[20:41:55] 待生成: 809 / 总 1000 (已存在 191)
[20:42:45] [1/809] ✗ 野牦牛 - 重试耗尽 (0.8min,并发10)
[20:42:45] [2/809] ✗ 河马 - 重试耗尽 (0.8min,并发10)
[20:42:45] [3/809] ✗ 雪豹 - 重试耗尽 (0.8min,并发10)
[20:42:45] [4/809] ✗ 梅花鹿 - 重试耗尽 (0.8min,并发10)
[20:42:45] [5/809] ✗ 麋鹿 - 重试耗尽 (0.8min,并发10)
[20:42:45] [6/809] ✗ 美洲野牛 - 重试耗尽 (0.8min,并发10)
[20:42:45] [7/809] ✗ 虎鲸 - 重试耗尽 (0.8min,并发10)
[20:42:45] [8/809] ✗ 高鼻羚羊 - 重试耗尽 (0.8min,并发10)
[20:42:45] [9/809] ✗ 非洲狮 - 重试耗尽 (0.8min,并发10)
[20:42:45] [10/809] ✗ 环尾狐猴 - 重试耗尽 (0.8min,并发10)
[20:43:35] [11/809] ✗ 北极狐 - 重试耗尽 (1.7min,并发10)
[20:43:35] [12/809] ✗ 帝企鹅 - 重试耗尽 (1.7min,并发10)
[20:43:35] [13/809] ✗ 狼 - 重试耗尽 (1.7min,并发10)
[20:43:35] [14/809] ✗ 赤狐 - 重试耗尽 (1.7min,并发10)
[20:43:35] [15/809] ✗ 九带犰狳 - 重试耗尽 (1.7min,并发10)
[20:43:35] [16/809] ✗ 大天鹅 - 重试耗尽 (1.7min,并发10)
[20:43:35] [17/809] ✗ 白鹤 - 重试耗尽 (1.7min,并发10)
[20:43:35] [18/809] ✗ 灰松鼠 - 重试耗尽 (1.7min,并发10)
[20:43:35] [19/809] ✗ 安第斯神鹫 - 重试耗尽 (1.7min,并发10)
[20:43:35] [20/809] ✗ 海狸鼠 - 重试耗尽 (1.7min,并发10)
[20:44:26] [21/809] ✗ 翻车鱼 - 重试耗尽 (2.5min,并发10)
[20:44:26] [22/809] ✗ 绿头鸭 - 重试耗尽 (2.5min,并发10)
[20:44:26] [23/809] ✗ 锹甲 - 重试耗尽 (2.5min,并发10)
[20:44:26] [24/809] ✗ 黄腹角雉 - 重试耗尽 (2.5min,并发10)
[20:44:26] [25/809] ✗ 柑橘凤蝶 - 重试耗尽 (2.5min,并发10)
[20:44:26] [26/809] ✗ 信天翁 - 重试耗尽 (2.5min,并发10)
[20:44:26] [27/809] ✗ 湾鳄 - 重试耗尽 (2.5min,并发10)
[20:44:26] [28/809] ✗ 绿尾虹雉 - 重试耗尽 (2.5min,并发10)
[20:44:26] [29/809] ✗ 科摩多巨蜥 - 重试耗尽 (2.5min,并发10)
[20:44:26] [30/809] ✗ 缅甸蟒 - 重试耗尽 (2.5min,并发10)
[20:45:16] [31/809] ✗ 黑蚱蝉 - 重试耗尽 (3.3min,并发10)
[20:45:16] [32/809] ✗ 竹节虫 - 重试耗尽 (3.3min,并发10)
[20:45:16] [33/809] ✗ 日本弓背蚁 - 重试耗尽 (3.3min,并发10)
[20:45:16] [34/809] ✗ 萤火虫 - 重试耗尽 (3.3min,并发10)
[20:45:16] [35/809] ✗ 吉丁虫 - 重试耗尽 (3.3min,并发10)
[20:45:16] [36/809] ✗ 七星瓢虫 - 重试耗尽 (3.3min,并发10)
[20:45:16] [37/809] ✗ 东亚飞蝗 - 重试耗尽 (3.3min,并发10)
[20:45:16] [38/809] ✗ 斗蟋 - 重试耗尽 (3.3min,并发10)
[20:45:16] [39/809] ✗ 碧伟蜓 - 重试耗尽 (3.3min,并发10)
[20:45:16] [40/809] ✗ 中华大刀螳 - 重试耗尽 (3.3min,并发10)
[20:46:06] [41/809] ✗ 家蚕 - 重试耗尽 (4.2min,并发10)
[20:46:06] [42/809] ✗ 章鱼 - 重试耗尽 (4.2min,并发10)
[20:46:06] [43/809] ✗ 中华锦绣龙虾 - 重试耗尽 (4.2min,并发10)
[20:46:06] [44/809] ✗ 大王乌贼 - 重试耗尽 (4.2min,并发10)
[20:46:06] [45/809] ✗ 虾蛄 - 重试耗尽 (4.2min,并发10)
[20:46:06] [46/809] ✗ 波士顿龙虾 - 重试耗尽 (4.2min,并发10)
[20:46:06] [47/809] ✗ 鹦鹉螺 - 重试耗尽 (4.2min,并发10)
[20:46:06] [48/809] ✗ 中华绒螯蟹 - 重试耗尽 (4.2min,并发10)
[20:46:06] [49/809] ✗ 帝王蟹 - 重试耗尽 (4.2min,并发10)
[20:46:06] [50/809] ✗ 蓝环章鱼 - 重试耗尽 (4.2min,并发10)
[20:46:57] [51/809] ✗ 鬃狼 - 重试耗尽 (5.0min,并发10)
[20:46:57] [52/809] ✗ 羊驼 - 重试耗尽 (5.0min,并发10)
[20:46:57] [53/809] ✗ 狞猫 - 重试耗尽 (5.0min,并发10)
[20:46:57] [54/809] ✗ 蜜獾 - 重试耗尽 (5.0min,并发10)
[20:46:57] [55/809] ✗ 水豚 - 重试耗尽 (5.0min,并发10)
[20:46:57] [56/809] ✗ 兔狲 - 重试耗尽 (5.0min,并发10)
[20:46:57] [57/809] ✗ 独角鲸 - 重试耗尽 (5.0min,并发10)
[20:46:57] [58/809] ✗ 薮猫 - 重试耗尽 (5.0min,并发10)
[20:46:57] [59/809] ✗ 非洲大蜗牛 - 重试耗尽 (5.0min,并发10)
[20:46:57] [60/809] ✗ 猞猁 - 重试耗尽 (5.0min,并发10)
[20:47:47] [61/809] ✗ 懒熊 - 重试耗尽 (5.9min,并发10)
[20:47:47] [62/809] ✗ 抹香鲸 - 重试耗尽 (5.9min,并发10)
[20:47:47] [63/809] ✗ 白琵鹭 - 重试耗尽 (5.9min,并发10)
[20:47:47] [64/809] ✗ 南美貘 - 重试耗尽 (5.9min,并发10)
[20:47:47] [65/809] ✗ 蛇鹫 - 重试耗尽 (5.9min,并发10)
[20:47:47] [66/809] ✗ 眼镜熊 - 重试耗尽 (5.9min,并发10)
[20:47:47] [67/809] ✗ 黑脸琵鹭 - 重试耗尽 (5.9min,并发10)
[20:47:47] [68/809] ✗ 北极海鹦 - 重试耗尽 (5.9min,并发10)
[20:47:47] [69/809] ✗ 白鲸 - 重试耗尽 (5.9min,并发10)
[20:47:47] [70/809] ✗ 跳羚 - 重试耗尽 (5.9min,并发10)
[20:48:37] [71/809] ✗ 红嘴鸥 - 重试耗尽 (6.7min,并发10)
[20:48:37] [72/809] ✗ 彩虹蜂虎 - 重试耗尽 (6.7min,并发10)
[20:48:37] [73/809] ✗ 红嘴相思鸟 - 重试耗尽 (6.7min,并发10)
[20:48:37] [74/809] ✗ 白眉鸫 - 重试耗尽 (6.7min,并发10)
[20:48:37] [75/809] ✗ 食火鸡 - 重试耗尽 (6.7min,并发10)
[20:48:37] [76/809] ✗ 蓝胸佛法僧 - 重试耗尽 (6.7min,并发10)
[20:48:37] [77/809] ✗ 红腹角雉 - 重试耗尽 (6.7min,并发10)
[20:48:37] [78/809] ✗ 笑翠鸟 - 重试耗尽 (6.7min,并发10)
[20:48:37] [79/809] ✗ 大极乐鸟 - 重试耗尽 (6.7min,并发10)
[20:48:37] [80/809] ✗ 琴鸟 - 重试耗尽 (6.7min,并发10)
[20:49:28] [81/809] ✗ 东星斑 - 重试耗尽 (7.5min,并发10)
[20:49:28] [82/809] ✗ 华丽军舰鸟 - 重试耗尽 (7.5min,并发10)
[20:49:28] [83/809] ✗ 七彩神仙鱼 - 重试耗尽 (7.5min,并发10)
[20:49:28] [84/809] ✗ 中华胭脂鱼 - 重试耗尽 (7.5min,并发10)
[20:49:28] [85/809] ✗ 银龙鱼 - 重试耗尽 (7.5min,并发10)
[20:49:28] [86/809] ✗ 红绿灯鱼 - 重试耗尽 (7.5min,并发10)
[20:49:28] [87/809] ✗ 花罗汉鱼 - 重试耗尽 (7.5min,并发10)
[20:49:28] [88/809] ✗ 接吻鱼 - 重试耗尽 (7.5min,并发10)
[20:49:28] [89/809] ✗ 多宝鱼 - 重试耗尽 (7.5min,并发10)
[20:49:28] [90/809] ✗ 黄鳍金枪鱼 - 重试耗尽 (7.5min,并发10)
[20:50:18] [91/809] ✗ 巴西龟 - 重试耗尽 (8.4min,并发10)
[20:50:18] [92/809] ✗ 翻车鲀 - 重试耗尽 (8.4min,并发10)
[20:50:18] [93/809] ✗ 鲍鱼 - 重试耗尽 (8.4min,并发10)
[20:50:18] [94/809] ✗ 泰加蜥 - 重试耗尽 (8.4min,并发10)
[20:50:18] [95/809] ✗ 海蛞蝓 - 重试耗尽 (8.4min,并发10)
[20:50:18] [96/809] ✗ 线纹海马 - 重试耗尽 (8.4min,并发10)
[20:50:18] [97/809] ✗ 刀鱼 - 重试耗尽 (8.4min,并发10)
[20:50:18] [98/809] ✗ 睫角守宫 - 重试耗尽 (8.4min,并发10)
[20:50:18] [99/809] ✗ 变色龙 - 重试耗尽 (8.4min,并发10)
[20:50:18] [100/809] ✗ 墨鱼 - 重试耗尽 (8.4min,并发10)
[20:51:08] [101/809] ✗ 火蝾螈 - 重试耗尽 (9.2min,并发10)
[20:51:08] [102/809] ✗ 大绿蛙 - 重试耗尽 (9.2min,并发10)
[20:51:08] [103/809] ✗ 草龟 - 重试耗尽 (9.2min,并发10)
[20:51:08] [104/809] ✗ 盲蛇 - 重试耗尽 (9.2min,并发10)
[20:51:08] [105/809] ✗ 蜜袋鼯 - 重试耗尽 (9.2min,并发10)
[20:51:08] [106/809] ✗ 林蛙 - 重试耗尽 (9.2min,并发10)
[20:51:08] [107/809] ✗ 姬蛙 - 重试耗尽 (9.2min,并发10)
[20:51:08] [108/809] ✗ 树蛙 - 重试耗尽 (9.2min,并发10)
[20:51:08] [109/809] ✗ 蛙嘴龙 - 重试耗尽 (9.2min,并发10)
[20:51:08] [110/809] ✗ 蝮蛇 - 重试耗尽 (9.2min,并发10)
[20:51:59] [111/809] ✗ 长臂猿 - 重试耗尽 (10.1min,并发10)
[20:51:59] [112/809] ✗ 金狮面狨 - 重试耗尽 (10.1min,并发10)
[20:51:59] [113/809] ✗ 眼镜猴 - 重试耗尽 (10.1min,并发10)
[20:51:59] [114/809] ✗ 长鼻猴 - 重试耗尽 (10.1min,并发10)
[20:51:59] [115/809] ✗ 蛛猴 - 重试耗尽 (10.1min,并发10)
[20:51:59] [116/809] ✗ 蜂猴 - 重试耗尽 (10.1min,并发10)
[20:51:59] [117/809] ✗ 狐獴 - 重试耗尽 (10.1min,并发10)
[20:51:59] [118/809] ✗ 松鼠猴 - 重试耗尽 (10.1min,并发10)
[20:51:59] [119/809] ✗ 斑鬣狗 - 重试耗尽 (10.1min,并发10)
[20:51:59] [120/809] ✗ 鸮鹦鹉 - 重试耗尽 (10.1min,并发10)
[20:52:49] [121/809] ✗ 豪猪 - 重试耗尽 (10.9min,并发10)
[20:52:49] [122/809] ✗ 貂熊 - 重试耗尽 (10.9min,并发10)
[20:52:49] [123/809] ✗ 薮犬 - 重试耗尽 (10.9min,并发10)
[20:52:49] [124/809] ✗ 貉 - 重试耗尽 (10.9min,并发10)
[20:52:49] [125/809] ✗ 金丝猴 - 重试耗尽 (10.9min,并发10)
[20:52:49] [126/809] ✗ 林麝 - 重试耗尽 (10.9min,并发10)
[20:52:49] [127/809] ✗ 臭鼬 - 重试耗尽 (10.9min,并发10)
[20:52:49] [128/809] ✗ 龙猫 - 重试耗尽 (10.9min,并发10)
[20:52:49] [129/809] ✗ 雪貂 - 重试耗尽 (10.9min,并发10)
[20:52:49] [130/809] ✗ 美洲狮 - 重试耗尽 (10.9min,并发10)
[20:53:39] [131/809] ✗ 麝牛 - 重试耗尽 (11.7min,并发10)
[20:53:39] [132/809] ✗ 海豚 - 重试耗尽 (11.7min,并发10)
[20:53:39] [133/809] ✗ 叉角羚 - 重试耗尽 (11.7min,并发10)
[20:53:39] [134/809] ✗ 狍 - 重试耗尽 (11.7min,并发10)
[20:53:39] [135/809] ✗ 黄麂 - 重试耗尽 (11.7min,并发10)
[20:53:39] [136/809] ✗ 藏原羚 - 重试耗尽 (11.7min,并发10)
[20:53:39] [137/809] ✗ 大角羊 - 重试耗尽 (11.7min,并发10)
[20:53:39] [138/809] ✗ 单峰驼 - 重试耗尽 (11.7min,并发10)
[20:53:39] [139/809] ✗ 骆驼 - 重试耗尽 (11.7min,并发10)
[20:53:39] [140/809] ✗ 海狗 - 重试耗尽 (11.7min,并发10)
[20:54:30] [141/809] ✗ 普通狨猴 - 重试耗尽 (12.6min,并发10)
[20:54:30] [142/809] ✗ 土狼 - 重试耗尽 (12.6min,并发10)
[20:54:30] [143/809] ✗ 猫鼬 - 重试耗尽 (12.6min,并发10)
[20:54:30] [144/809] ✗ 红吼猴 - 重试耗尽 (12.6min,并发10)
[20:54:30] [145/809] ✗ 黑掌蜘蛛猴 - 重试耗尽 (12.6min,并发10)
[20:54:30] [146/809] ✗ 白脸狐尾猴 - 重试耗尽 (12.6min,并发10)
[20:54:30] [147/809] ✗ 中华白海豚 - 重试耗尽 (12.6min,并发10)
[20:54:30] [148/809] ✗ 白面卷尾猴 - 重试耗尽 (12.6min,并发10)
[20:54:30] [149/809] ✗ 鼠海豚 - 重试耗尽 (12.6min,并发10)
[20:54:30] [150/809] ✗ 马岛獴 - 重试耗尽 (12.6min,并发10)
[20:55:20] [151/809] ✗ 果子狸 - 重试耗尽 (13.4min,并发10)
[20:55:20] [152/809] ✗ 豹猫 - 重试耗尽 (13.4min,并发10)
[20:55:20] [153/809] ✗ 弯角剑羚 - 重试耗尽 (13.4min,并发10)
[20:55:20] [154/809] ✗ 印度犀 - 重试耗尽 (13.4min,并发10)
[20:55:20] [155/809] ✗ 非洲灵猫 - 重试耗尽 (13.4min,并发10)
[20:55:20] [156/809] ✗ 斑尾袋鼬 - 重试耗尽 (13.4min,并发10)
[20:55:20] [157/809] ✗ 东部袋狸 - 重试耗尽 (13.4min,并发10)
[20:55:20] [158/809] ✗ 白眉长臂猿 - 重试耗尽 (13.4min,并发10)
[20:55:20] [159/809] ✗ 非洲野犬 - 重试耗尽 (13.4min,并发10)
[20:55:20] [160/809] ✗ 小灵猫 - 重试耗尽 (13.4min,并发10)
[20:56:10] [161/809] ✗ 帚尾袋貂 - 重试耗尽 (14.2min,并发10)
[20:56:10] [162/809] ✗ 北极兔 - 重试耗尽 (14.2min,并发10)
[20:56:10] [163/809] ✗ 松貂 - 重试耗尽 (14.2min,并发10)
[20:56:10] [164/809] ✗ 短尾矮袋鼠 - 重试耗尽 (14.2min,并发10)
[20:56:10] [165/809] ✗ 野猪 - 重试耗尽 (14.2min,并发10)
[20:56:10] [166/809] ✗ 獐 - 重试耗尽 (14.2min,并发10)
[20:56:10] [167/809] ✗ 袋食蚁兽 - 重试耗尽 (14.2min,并发10)
[20:56:10] [168/809] ✗ 欧亚獾 - 重试耗尽 (14.2min,并发10)
[20:56:10] [169/809] ✗ 袋獾 - 重试耗尽 (14.2min,并发10)
[20:56:10] [170/809] ✗ 挪威旅鼠 - 重试耗尽 (14.2min,并发10)
[20:57:01] [171/809] ✗ 吸血蝠 - 重试耗尽 (15.1min,并发10)
[20:57:01] [172/809] ✗ 疣猴 - 重试耗尽 (15.1min,并发10)
[20:57:01] [173/809] ✗ 刺豚鼠 - 重试耗尽 (15.1min,并发10)
[20:57:01] [174/809] ✗ 兔唇蝠 - 重试耗尽 (15.1min,并发10)
[20:57:01] [175/809] ✗ 大耳蝠 - 重试耗尽 (15.1min,并发10)
[20:57:01] [176/809] ✗ 绿猴 - 重试耗尽 (15.1min,并发10)
[20:57:01] [177/809] ✗ 赤猴 - 重试耗尽 (15.1min,并发10)
[20:57:01] [178/809] ✗ 狮尾狒 - 重试耗尽 (15.1min,并发10)
[20:57:01] [179/809] ✗ 德氏长尾猴 - 重试耗尽 (15.1min,并发10)
[20:57:01] [180/809] ✗ 合趾猿 - 重试耗尽 (15.1min,并发10)
[20:57:52] [181/809] ✓ 长爪沙鼠 - OK 200263 bytes (16.0min,并发10)
[20:58:07] [182/809] ✓ 兔豚鼠 - OK 201228 bytes (16.2min,并发10)
[20:58:19] [183/809] ✓ 猪獾 - OK 221296 bytes (16.4min,并发10)
[20:58:31] [184/809] ✓ 黄鼬 - OK 207015 bytes (16.6min,并发10)
[20:58:31] [185/809] ✓ 紫貂 - OK 238586 bytes (16.6min,并发10)
[20:58:48] [186/809] ✓ 金仓鼠 - OK 201189 bytes (16.9min,并发10)
[20:59:19] [187/809] ✓ 豚鼠 - OK 245232 bytes (17.4min,并发10)
[20:59:37] [188/809] ✓ 渔貂 - OK 234328 bytes (17.7min,并发10)
[21:00:04] [189/809] ✓ 长耳跳鼠 - OK 162840 bytes (18.1min,并发10)
[21:00:38] [190/809] ✓ 花栗鼠 - OK 238332 bytes (18.7min,并发10)
[21:01:01] [191/809] ✓ 水鹿 - OK 175287 bytes (19.1min,并发10)
[21:01:07] [192/809] ✓ 豚鹿 - OK 193964 bytes (19.2min,并发10)
[21:01:10] [193/809] ✓ 坡鹿 - OK 202158 bytes (19.2min,并发10)
[21:01:17] [194/809] ✓ 白尾鹞 - OK 109764 bytes (19.4min,并发10)
[21:01:17] [195/809] ✓ 赤麂 - OK 243182 bytes (19.4min,并发10)
[21:02:23] [196/809] ✓ 黑鸢 - OK 144424 bytes (20.5min,并发10)
[21:02:45] [197/809] ✓ 原麝 - OK 234663 bytes (20.8min,并发10)
[21:02:49] [198/809] ✓ 针尾鸭 - OK 114158 bytes (20.9min,并发10)
[21:03:06] [199/809] ✓ 斑臭鼬 - OK 197572 bytes (21.2min,并发10)
[21:03:12] [200/809] ✓ 赤麻鸭 - OK 186525 bytes (21.3min,并发10)
[21:03:40] [201/809] ✓ 红喉潜鸟 - OK 141441 bytes (21.7min,并发10)
[21:03:44] [202/809] ✓ 蛎鹬 - OK 186380 bytes (21.8min,并发10)
[21:03:56] [203/809] ✓ 白眉鸭 - OK 171142 bytes (22.0min,并发10)
[21:04:01] [204/809] ✓ 黑尾鸥 - OK 170895 bytes (22.1min,并发10)
[21:04:07] [205/809] ✓ 小鸊鷉 - OK 154513 bytes (22.2min,并发10)
[21:04:16] [206/809] ✓ 罗纹鸭 - OK 165570 bytes (22.3min,并发10)
[21:04:30] [207/809] ✓ 银鸥 - OK 151861 bytes (22.6min,并发10)
[21:04:44] [208/809] ✓ 反嘴鹬 - OK 141657 bytes (22.8min,并发10)
[21:05:05] [209/809] ✓ 黑翅长脚鹬 - OK 158448 bytes (23.2min,并发10)
[21:05:25] [210/809] ✓ 凤头鸊鷉 - OK 132244 bytes (23.5min,并发10)
[21:05:47] [211/809] ✓ 原鸽 - OK 175619 bytes (23.9min,并发10)
[21:05:52] [212/809] ✓ 白头鹎 - OK 143864 bytes (23.9min,并发10)
[21:05:53] [213/809] ✓ 松鸦 - OK 184400 bytes (24.0min,并发10)
[21:06:06] [214/809] ✓ 小嘴乌鸦 - OK 123463 bytes (24.2min,并发10)
[21:06:19] [215/809] ✓ 珠颈斑鸠 - OK 162569 bytes (24.4min,并发10)
[21:06:30] [216/809] ✓ 寒鸦 - OK 153432 bytes (24.6min,并发10)
[21:06:52] [217/809] ✓ 大山雀 - OK 138852 bytes (24.9min,并发10)
[21:07:11] [218/809] ✓ 灰喜鹊 - OK 135444 bytes (25.3min,并发10)
[21:08:06] [219/809] ✓ 煤山雀 - OK 160168 bytes (26.2min,并发10)
[21:09:52] [220/809] ✓ 海鸬鹚 - OK 203333 bytes (27.9min,并发10)
[21:10:11] [221/809] ✓ 蓝喉歌鸲 - OK 120717 bytes (28.3min,并发10)
[21:10:16] [222/809] ✓ 白鹡鸰 - OK 216622 bytes (28.3min,并发10)
[21:10:21] [223/809] ✓ 乌鸫 - OK 203206 bytes (28.4min,并发10)
[21:10:48] [224/809] ✓ 北红尾鸲 - OK 149344 bytes (28.9min,并发10)
[21:10:55] [225/809] ✓ 东方大苇莺 - OK 109616 bytes (29.0min,并发10)
[21:10:59] [226/809] ✓ 红耳鹎 - OK 183328 bytes (29.1min,并发10)
[21:11:00] [227/809] ✓ 斑鸫 - OK 214545 bytes (29.1min,并发10)
[21:11:20] [228/809] ✓ 黄腰柳莺 - OK 155085 bytes (29.4min,并发10)
[21:11:43] [229/809] ✓ 云雀 - OK 120625 bytes (29.8min,并发10)
[21:13:09] [230/809] ✓ 棕背伯劳 - OK 142735 bytes (31.2min,并发10)
[21:13:29] [231/809] ✓ 大杜鹃 - OK 159186 bytes (31.6min,并发10)
[21:13:38] [232/809] ✓ 红头咬鹃 - OK 201174 bytes (31.7min,并发10)
[21:13:48] [233/809] ✓ 八哥 - OK 177009 bytes (31.9min,并发10)
[21:13:57] [234/809] ✓ 星头啄木鸟 - OK 158918 bytes (32.0min,并发10)
[21:14:19] [235/809] ✓ 噪鹃 - OK 200607 bytes (32.4min,并发10)
[21:15:15] [236/809] ✓ 灰椋鸟 - OK 149236 bytes (33.3min,并发10)
[21:16:40] [237/809] ✓ 绿啄木鸟 - OK 226680 bytes (34.7min,并发10)
[21:17:06] [238/809] ✓ 黑卷尾 - OK 142027 bytes (35.2min,并发10)
[21:18:26] [239/809] ✓ 普通夜鹰 - OK 157316 bytes (36.5min,并发10)
[21:19:21] [240/809] ✓ 蓝翡翠 - OK 208011 bytes (37.4min,并发10)
[21:19:41] [241/809] ✓ 绿巨嘴鸟 - OK 176630 bytes (37.8min,并发10)
[21:19:53] [242/809] ✓ 美洲红鹮 - OK 168741 bytes (38.0min,并发10)
[21:19:53] [243/809] ✓ 长尾蜂鸟 - OK 156031 bytes (38.0min,并发10)
[21:19:58] [244/809] ✓ 美洲鸵 - OK 210256 bytes (38.0min,并发10)
[21:20:04] [245/809] ✓ 刀嘴蜂鸟 - OK 112770 bytes (38.1min,并发10)
[21:20:47] [246/809] ✓ 安第斯动冠伞鸟 - OK 181494 bytes (38.9min,并发10)
[21:20:48] [247/809] ✓ 凤头绿咬鹃 - OK 200806 bytes (38.9min,并发10)
[21:20:58] [248/809] ✓ 红腿叫鹤 - OK 218103 bytes (39.0min,并发10)
[21:22:38] [249/809] ✓ 麝雉 - OK 203699 bytes (40.7min,并发10)
[21:23:41] [250/809] ✓ 蓝冠娇鹟 - OK 175088 bytes (41.8min,并发10)
[21:24:06] [251/809] ✓ 红嘴奎利亚雀 - OK 176111 bytes (42.2min,并发10)
[21:24:07] [252/809] ✓ 珍珠鸡 - OK 267635 bytes (42.2min,并发10)
[21:24:11] [253/809] ✓ 黑脸织布鸟 - OK 185464 bytes (42.3min,并发10)
[21:24:12] [254/809] ✓ 非洲企鹅 - OK 191336 bytes (42.3min,并发10)
[21:24:48] [255/809] ✓ 勺鸡 - OK 218660 bytes (42.9min,并发10)
[21:25:37] [256/809] ✓ 紫蕉鹃 - OK 182454 bytes (43.7min,并发10)
[21:26:04] [257/809] ✓ 非洲雉鸻 - OK 169132 bytes (44.1min,并发10)
[21:26:34] [258/809] ✓ 红原鸡 - OK 239711 bytes (44.6min,并发10)
[21:27:13] [259/809] ✓ 灰冠鹤 - OK 160443 bytes (45.3min,并发10)
[21:29:56] [260/809] ✓ 紫胸佛法僧 - OK 167939 bytes (48.0min,并发10)
[21:29:57] [261/809] ✗ 血雉 - 内容安全拦截: blood (48.0min,并发10)
[21:30:23] [262/809] ✓ 银喉长尾山雀 - OK 125417 bytes (48.5min,并发10)
[21:30:37] [263/809] ✓ 暗绿绣眼鸟 - OK 129721 bytes (48.7min,并发10)
[21:30:41] [264/809] ✓ 叉尾太阳鸟 - OK 136116 bytes (48.8min,并发10)
[21:30:42] [265/809] ✓ 红胁绣眼鸟 - OK 188383 bytes (48.8min,并发10)
[21:30:46] [266/809] ✓ 蓝喉太阳鸟 - OK 154522 bytes (48.8min,并发10)
[21:30:58] [267/809] ✓ 朱顶雀 - OK 142996 bytes (49.0min,并发10)
[21:31:12] [268/809] ✓ 黑嘴鸥 - OK 150891 bytes (49.3min,并发10)
[21:31:34] [269/809] ✓ 红嘴山鸦 - OK 162167 bytes (49.7min,并发10)
[21:32:12] [270/809] ✓ 寿带鸟 - OK 154952 bytes (50.3min,并发10)
[21:32:50] [271/809] ✓ 澳洲丛冢雉 - OK 263370 bytes (50.9min,并发10)
[21:33:00] [272/809] ✓ 王极乐鸟 - OK 133624 bytes (51.1min,并发10)
[21:33:19] [273/809] ✓ 华丽细尾鹩莺 - OK 142267 bytes (51.4min,并发10)
[21:33:34] [274/809] ✓ 震旦鸦雀 - OK 128614 bytes (51.6min,并发10)
[21:34:06] [275/809] ✓ 萨克森王极乐鸟 - OK 239593 bytes (52.2min,并发10)
[21:34:51] [276/809] ✓ 黄眉抚蜜鸟 - OK 173764 bytes (52.9min,并发10)
[21:34:54] [277/809] ✓ 斑胸草雀 - OK 124020 bytes (53.0min,并发10)
[21:35:57] [278/809] ✓ 缎蓝园丁鸟 - OK 244535 bytes (54.0min,并发10)
[21:36:51] [279/809] ✓ 褐几维鸟 - OK 225766 bytes (54.9min,并发10)
[21:38:19] [280/809] ✓ 普通楼燕 - OK 77743 bytes (56.4min,并发10)
[21:38:43] [281/809] ✗ 彩虹八色鸫 - HTTP400(内容被拒): b'{"error":{"message":"Unable to generate this content. Please modify your prompt and try again.","type":"invalid_request_error","param":"prompt","code"' (56.8min,并发10)
[21:38:46] [282/809] ✓ 蓝企鹅 - OK 152295 bytes (56.8min,并发10)
[21:38:54] [283/809] ✓ 黄腹山雀 - OK 153397 bytes (57.0min,并发10)
[21:38:56] [284/809] ✓ 蓝脸鲣鸟 - OK 198384 bytes (57.0min,并发10)
[21:39:02] [285/809] ✓ 金眶鸻 - OK 156256 bytes (57.1min,并发10)
[21:39:17] [286/809] ✓ 翘鼻麻鸭 - OK 164022 bytes (57.4min,并发10)
[21:40:06] [287/809] ✓ 茶色蟆口鸱 - OK 207132 bytes (58.2min,并发10)
[21:40:06] [288/809] ✓ 凤头潜鸭 - OK 130183 bytes (58.2min,并发10)
[21:41:40] [289/809] ✓ 大嘴乌鸦 - OK 157988 bytes (59.7min,并发10)
[21:42:11] [290/809] ✓ 楔尾雕 - OK 141560 bytes (60.3min,并发10)
[21:42:34] [291/809] ✓ 赤颈鸭 - OK 188239 bytes (60.6min,并发10)
[21:42:40] [292/809] ✓ 琵嘴鸭 - OK 197530 bytes (60.7min,并发10)
[21:42:57] [293/809] ✓ 灰鹡鸰 - OK 216788 bytes (61.0min,并发10)
[21:43:01] [294/809] ✓ 普通秋沙鸭 - OK 201899 bytes (61.1min,并发10)
[21:43:14] [295/809] ✓ 赤嘴潜鸭 - OK 109905 bytes (61.3min,并发10)
[21:43:25] [296/809] ✓ 白眉姬鹟 - OK 119754 bytes (61.5min,并发10)
[21:43:30] [297/809] ✓ 白胸翡翠 - OK 143340 bytes (61.6min,并发10)
[21:44:07] [298/809] ✓ 红头潜鸭 - OK 130739 bytes (62.2min,并发10)
[21:47:29] [299/809] ✓ 金腰燕 - OK 95566 bytes (65.6min,并发10)
[21:48:06] [300/809] ✓ 红尾伯劳 - OK 166591 bytes (66.2min,并发10)
[21:48:28] [301/809] ✓ 白骨顶 - OK 148607 bytes (66.5min,并发10)
[21:48:29] [302/809] ✓ 沼泽山雀 - OK 137060 bytes (66.6min,并发10)
[21:48:36] [303/809] ✓ 白腰杓鹬 - OK 170543 bytes (66.7min,并发10)
[21:48:37] [304/809] ✓ 星鸦 - OK 186283 bytes (66.7min,并发10)
[21:48:59] [305/809] ✓ 环颈鸻 - OK 172630 bytes (67.1min,并发10)
[21:49:09] [306/809] ✓ 红颈滨鹬 - OK 176076 bytes (67.2min,并发10)
[21:49:35] [307/809] ✓ 三趾鸥 - OK 189793 bytes (67.7min,并发10)
[21:49:42] [308/809] ✓ 斑尾塍鹬 - OK 181664 bytes (67.8min,并发10)
[21:50:49] [309/809] ✓ 黑喉潜鸟 - OK 130923 bytes (68.9min,并发10)
[21:52:18] [310/809] ✓ 小鸥 - OK 146305 bytes (70.4min,并发10)
[21:52:43] [311/809] ✓ 丝光椋鸟 - OK 119191 bytes (70.8min,并发10)
[21:53:14] [312/809] ✓ 冕柳莺 - OK 163657 bytes (71.3min,并发10)
[21:53:21] [313/809] ✓ 红点颏 - OK 160477 bytes (71.4min,并发10)
[21:53:25] [314/809] ✓ 黑领椋鸟 - OK 186131 bytes (71.5min,并发10)
[21:53:54] [315/809] ✓ 发冠卷尾 - OK 136141 bytes (72.0min,并发10)
[21:54:21] [316/809] ✓ 四声杜鹃 - OK 150388 bytes (72.4min,并发10)
[21:54:42] [317/809] ✓ 黑啄木鸟 - OK 231976 bytes (72.8min,并发10)
[21:55:13] [318/809] ✓ 白腰雨燕 - OK 75839 bytes (73.3min,并发10)
[21:55:53] [319/809] ✓ 绿鹦嘴鹎 - OK 171772 bytes (74.0min,并发10)
[21:58:00] [320/809] ✓ 红胁蓝尾鸲 - OK 161472 bytes (76.1min,并发10)
[21:59:01] [321/809] ✓ 地图鱼 - OK 200778 bytes (77.1min,并发10)
[21:59:02] [322/809] ✓ 斑文鸟 - OK 156178 bytes (77.1min,并发10)
[21:59:06] [323/809] ✓ 白腰文鸟 - OK 123916 bytes (77.2min,并发10)
[21:59:24] ===== 开始生成 1000 张动物配图 (v2.0 16路并发) =====
[21:59:24] 待生成: 685 / 总 1000 (已存在 315)
[21:59:48] [1/685] ✓ 美洲野牛 - OK 189049 bytes (0.4min,并发16)
[21:59:58] [2/685] ✓ 高鼻羚羊 - OK 200596 bytes (0.6min,并发16)
[22:00:03] [3/685] ✓ 雪豹 - OK 211456 bytes (0.6min,并发16)
[22:00:14] [4/685] ✓ 海狸鼠 - OK 234304 bytes (0.8min,并发16)
[22:00:16] [5/685] ✓ 狼 - OK 162209 bytes (0.9min,并发16)
[22:00:20] [6/685] ✓ 河马 - OK 245577 bytes (0.9min,并发16)
[22:00:24] [7/685] ✓ 九带犰狳 - OK 234103 bytes (1.0min,并发16)
[22:00:25] [8/685] ✓ 野牦牛 - OK 265211 bytes (1.0min,并发16)
[22:00:30] [9/685] ✓ 虎鲸 - OK 199906 bytes (1.1min,并发16)
[22:00:35] [10/685] ✓ 梅花鹿 - OK 173306 bytes (1.2min,并发16)
[22:00:52] [11/685] ✓ 麋鹿 - OK 229924 bytes (1.5min,并发16)
[22:01:03] [12/685] ✓ 白鹤 - OK 107057 bytes (1.6min,并发16)
[22:01:10] [13/685] ✓ 北极狐 - OK 150494 bytes (1.8min,并发16)
[22:01:21] [14/685] ✓ 灰松鼠 - OK 192683 bytes (1.9min,并发16)
[22:01:53] [15/685] ✓ 环尾狐猴 - OK 226145 bytes (2.5min,并发16)
[22:05:19] [16/685] ✓ 赤狐 - OK 165564 bytes (5.9min,并发16)
[22:05:34] [17/685] ✓ 绿尾虹雉 - OK 202608 bytes (6.2min,并发16)
[22:05:41] [18/685] ✓ 河豚 - OK 199640 bytes (6.3min,并发16)
[22:05:44] [19/685] ✓ 绿海龟 - OK 262668 bytes (6.3min,并发16)
[22:05:45] [20/685] ✓ 波纹唇鱼 - OK 231970 bytes (6.4min,并发16)
[22:05:49] [21/685] ✓ 蝠鲼 - OK 226454 bytes (6.4min,并发16)
[22:05:50] [22/685] ✓ 安第斯神鹫 - OK 193994 bytes (6.4min,并发16)
[22:05:57] [23/685] ✓ 黄鳝 - OK 205919 bytes (6.5min,并发16)
[22:06:00] [24/685] ✓ 湾鳄 - OK 224448 bytes (6.6min,并发16)
[22:06:01] [25/685] ✓ 海马 - OK 202199 bytes (6.6min,并发16)
[22:06:12] [26/685] ✓ 帝企鹅 - OK 192019 bytes (6.8min,并发16)
[22:06:24] [27/685] ✓ 大天鹅 - OK 138102 bytes (7.0min,并发16)
[22:06:26] [28/685] ✓ 苍鹭 - OK 151293 bytes (7.0min,并发16)
[22:06:39] [29/685] ✓ 翻车鱼 - OK 202785 bytes (7.3min,并发16)
[22:06:51] [30/685] ✓ 黄腹角雉 - OK 220844 bytes (7.4min,并发16)
[22:07:10] [31/685] ✓ 信天翁 - OK 197236 bytes (7.8min,并发16)
[22:10:21] [32/685] ✓ 绿头鸭 - OK 155336 bytes (10.9min,并发16)
[22:10:48] [33/685] ✗ 科摩多巨蜥 - HTTP400(内容被拒): b'{"error":{"message":"Unable to generate this content. Please modify your prompt and try again.","type":"invalid_request_error","param":"prompt","code"' (11.4min,并发16)
[22:10:49] [34/685] ✓ 斗蟋 - OK 157917 bytes (11.4min,并发16)
[22:10:55] [35/685] ✓ 锹甲 - OK 212983 bytes (11.5min,并发16)
[22:10:57] [36/685] ✓ 牛蛙 - OK 171402 bytes (11.5min,并发16)
[22:11:02] [37/685] ✓ 中华大刀螳 - OK 127396 bytes (11.6min,并发16)
[22:11:08] [38/685] ✗ 缅甸蟒 - HTTP400(内容被拒): b'{"error":{"message":"Unable to generate this content. Please modify your prompt and try again.","type":"invalid_request_error","param":"prompt","code"' (11.7min,并发16)
[22:11:33] [39/685] ✓ 日本弓背蚁 - OK 208895 bytes (12.1min,并发16)
[22:11:34] [40/685] ✓ 东亚飞蝗 - OK 141109 bytes (12.2min,并发16)
[22:11:36] [41/685] ✓ 竹节虫 - OK 139130 bytes (12.2min,并发16)
[22:11:42] [42/685] ✓ 柑橘凤蝶 - OK 167119 bytes (12.3min,并发16)
[22:11:43] [43/685] ✓ 碧伟蜓 - OK 166915 bytes (12.3min,并发16)
[22:12:09] [44/685] ✓ 萤火虫 - OK 167181 bytes (12.7min,并发16)
[22:12:25] [45/685] ✓ 吉丁虫 - OK 212919 bytes (13.0min,并发16)
[22:12:28] [46/685] ✓ 黑蚱蝉 - OK 197512 bytes (13.1min,并发16)
[22:12:29] [47/685] ✓ 家蚕 - OK 165196 bytes (13.1min,并发16)
[22:13:06] [48/685] ✓ 七星瓢虫 - OK 154106 bytes (13.7min,并发16)
[22:13:26] [49/685] ✓ 鹦鹉螺 - OK 139953 bytes (14.0min,并发16)
[22:13:30] [50/685] ✓ 波士顿龙虾 - OK 231351 bytes (14.1min,并发16)
[22:13:35] [51/685] ✓ 蓝环章鱼 - OK 244506 bytes (14.2min,并发16)
[22:13:42] [52/685] ✓ 羊驼 - OK 217183 bytes (14.3min,并发16)
[22:14:02] [53/685] ✓ 非洲大蜗牛 - OK 158600 bytes (14.6min,并发16)
[22:14:12] [54/685] ✓ 虾蛄 - OK 222639 bytes (14.8min,并发16)
[22:14:14] [55/685] ✓ 章鱼 - OK 237488 bytes (14.8min,并发16)
[22:14:24] [56/685] ✓ 帝王蟹 - OK 232273 bytes (15.0min,并发16)
[22:14:25] [57/685] ✓ 中华绒螯蟹 - OK 194865 bytes (15.0min,并发16)
[22:14:33] [58/685] ✓ 兔狲 - OK 214960 bytes (15.2min,并发16)
[22:14:39] [59/685] ✓ 水豚 - OK 205925 bytes (15.2min,并发16)
[22:14:42] [60/685] ✓ 薮猫 - OK 214204 bytes (15.3min,并发16)
[22:14:53] [61/685] ✓ 大王乌贼 - OK 153393 bytes (15.5min,并发16)
[22:14:57] [62/685] ✓ 蜜獾 - OK 223369 bytes (15.5min,并发16)
[22:15:23] [63/685] ✓ 狞猫 - OK 189858 bytes (16.0min,并发16)
[22:19:09] [64/685] ✓ 中华锦绣龙虾 - OK 265336 bytes (19.7min,并发16)
[22:19:30] [65/685] ✓ 琴鸟 - OK 226791 bytes (20.1min,并发16)
[22:19:31] [66/685] ✓ 南美貘 - OK 209443 bytes (20.1min,并发16)
[22:19:36] [67/685] ✓ 黑脸琵鹭 - OK 148847 bytes (20.2min,并发16)
[22:19:36] [68/685] ✓ 懒熊 - OK 227218 bytes (20.2min,并发16)
[22:19:43] [69/685] ✓ 眼镜熊 - OK 193083 bytes (20.3min,并发16)
[22:19:48] [70/685] ✓ 白鲸 - OK 139404 bytes (20.4min,并发16)
[22:19:56] [71/685] ✓ 猞猁 - OK 186616 bytes (20.5min,并发16)
[22:20:11] [72/685] ✓ 跳羚 - OK 166205 bytes (20.8min,并发16)
[22:20:15] [73/685] ✓ 独角鲸 - OK 166339 bytes (20.8min,并发16)
[22:20:17] [74/685] ✓ 鬃狼 - OK 214687 bytes (20.9min,并发16)
[22:20:25] [75/685] ✓ 抹香鲸 - OK 204089 bytes (21.0min,并发16)
[22:20:46] [76/685] ✓ 白琵鹭 - OK 145302 bytes (21.4min,并发16)
[22:21:02] [77/685] ✓ 笑翠鸟 - OK 206621 bytes (21.6min,并发16)
[22:21:11] [78/685] ✓ 食火鸡 - OK 253463 bytes (21.8min,并发16)
[22:21:29] [79/685] ✓ 北极海鹦 - OK 201981 bytes (22.1min,并发16)
[22:21:32] [80/685] ✓ 蛇鹫 - OK 222692 bytes (22.1min,并发16)
[22:22:01] [81/685] ✓ 黄鳍金枪鱼 - OK 137675 bytes (22.6min,并发16)
[22:22:03] [82/685] ✓ 华丽军舰鸟 - OK 192386 bytes (22.6min,并发16)
[22:22:06] [83/685] ✓ 彩虹蜂虎 - OK 158707 bytes (22.7min,并发16)
[22:22:12] [84/685] ✓ 七彩神仙鱼 - OK 191701 bytes (22.8min,并发16)
[22:22:21] [85/685] ✓ 红绿灯鱼 - OK 138946 bytes (23.0min,并发16)
[22:22:21] [86/685] ✓ 白眉鸫 - OK 197091 bytes (23.0min,并发16)
[22:22:25] [87/685] ✓ 接吻鱼 - OK 158576 bytes (23.0min,并发16)
[22:22:26] [88/685] ✓ 红嘴鸥 - OK 109035 bytes (23.0min,并发16)
[22:22:37] [89/685] ✓ 花罗汉鱼 - OK 169783 bytes (23.2min,并发16)
[22:22:50] [90/685] ✓ 红嘴相思鸟 - OK 161015 bytes (23.4min,并发16)
[22:22:51] [91/685] ✓ 东星斑 - OK 238413 bytes (23.4min,并发16)
[22:23:04] [92/685] ✓ 红腹角雉 - OK 223095 bytes (23.7min,并发16)
[22:23:15] [93/685] ✓ 多宝鱼 - OK 238591 bytes (23.8min,并发16)
[22:23:24] [94/685] ✓ 大极乐鸟 - OK 256947 bytes (24.0min,并发16)
[22:23:39] [95/685] ✓ 中华胭脂鱼 - OK 201439 bytes (24.2min,并发16)
[22:23:43] [96/685] ✓ 蓝胸佛法僧 - OK 153937 bytes (24.3min,并发16)
[22:24:04] [97/685] ✗ 蝮蛇 - HTTP400(内容被拒): b'{"error":{"message":"Unable to generate this content. Please modify your prompt and try again.","type":"invalid_request_error","param":"prompt","code"' (24.7min,并发16)
[22:24:11] [98/685] ✓ 睫角守宫 - OK 180854 bytes (24.8min,并发16)
[22:24:12] [99/685] ✓ 变色龙 - OK 212699 bytes (24.8min,并发16)
[22:24:30] [100/685] ✗ 鲍鱼 - HTTP400(内容被拒): b'{"error":{"message":"Unable to generate this content. Please modify your prompt and try again.","type":"invalid_request_error","param":"prompt","code"' (25.1min,并发16)
[22:24:30] [101/685] ✓ 盲蛇 - OK 178560 bytes (25.1min,并发16)
[22:24:38] [102/685] ✓ 海蛞蝓 - OK 210733 bytes (25.2min,并发16)
[22:24:42] [103/685] ✓ 银龙鱼 - OK 131857 bytes (25.3min,并发16)
[22:24:44] [104/685] ✓ 非洲爪蟾 - OK 170323 bytes (25.3min,并发16)
[22:24:50] [105/685] ✓ 翻车鲀 - OK 164944 bytes (25.4min,并发16)
[22:25:02] [106/685] ✓ 草龟 - OK 202776 bytes (25.6min,并发16)
[22:25:02] [107/685] ✓ 泰加蜥 - OK 247128 bytes (25.6min,并发16)
[22:25:28] [108/685] ✗ 火蝾螈 - HTTP400(内容被拒): b'{"error":{"message":"Unable to generate this content. Please modify your prompt and try again.","type":"invalid_request_error","param":"prompt","code"' (26.1min,并发16)
[22:25:56] [109/685] ✓ 刀鱼 - OK 198342 bytes (26.5min,并发16)
[22:25:59] [110/685] ✓ 巴西龟 - OK 179081 bytes (26.6min,并发16)
[22:26:02] [111/685] ✓ 线纹海马 - OK 175721 bytes (26.6min,并发16)
[22:27:49] [112/685] ✓ 墨鱼 - OK 213365 bytes (28.4min,并发16)
[22:28:11] [113/685] ✓ 蜂猴 - OK 176094 bytes (28.8min,并发16)
[22:28:13] [114/685] ✗ 林蛙 - HTTP400(内容被拒): b'{"error":{"message":"Unable to generate this content. Please modify your prompt and try again.","type":"invalid_request_error","param":"prompt","code"' (28.8min,并发16)
[22:28:14] [115/685] ✓ 长鼻猴 - OK 205719 bytes (28.8min,并发16)
[22:28:15] [116/685] ✗ 海蟾蜍 - HTTP400(内容被拒): b'{"error":{"message":"Unable to generate this content. Please modify your prompt and try again.","type":"invalid_request_error","param":"prompt","code"' (28.8min,并发16)
[22:28:26] [117/685] ✓ 蛛猴 - OK 218166 bytes (29.0min,并发16)
[22:28:27] [118/685] ✓ 姬蛙 - OK 149805 bytes (29.0min,并发16)
[22:28:31] [119/685] ✓ 蜜袋鼯 - OK 165376 bytes (29.1min,并发16)
[22:28:46] [120/685] ✓ 树蛙 - OK 135997 bytes (29.4min,并发16)
[22:28:54] [121/685] ✗ 鸮鹦鹉 - HTTP400(内容被拒): b'{"error":{"message":"Unable to generate this content. Please modify your prompt and try again.","type":"invalid_request_error","param":"prompt","code"' (29.5min,并发16)
[22:28:58] [122/685] ✓ 大绿蛙 - OK 171193 bytes (29.6min,并发16)
[22:28:58] [123/685] ✓ 松鼠猴 - OK 216412 bytes (29.6min,并发16)
[22:29:16] [124/685] ✓ 狐獴 - OK 169386 bytes (29.9min,并发16)
[22:29:29] [125/685] ✓ 蛙嘴龙 - OK 219249 bytes (30.1min,并发16)
[22:29:33] [126/685] ✓ 眼镜猴 - OK 173004 bytes (30.1min,并发16)
[22:30:11] [127/685] ✓ 金狮面狨 - OK 185642 bytes (30.8min,并发16)
[22:30:19] [128/685] ✓ 斑鬣狗 - OK 223568 bytes (30.9min,并发16)
[22:30:42] [129/685] ✓ 金丝猴 - OK 195321 bytes (31.3min,并发16)
[22:30:44] [130/685] ✓ 林麝 - OK 205669 bytes (31.3min,并发16)
[22:30:44] [131/685] ✓ 龙猫 - OK 182839 bytes (31.3min,并发16)
[22:30:50] [132/685] ✓ 薮犬 - OK 233216 bytes (31.4min,并发16)
[22:30:55] [133/685] ✓ 单峰驼 - OK 152963 bytes (31.5min,并发16)
[22:31:20] [134/685] ✓ 藏原羚 - OK 195725 bytes (31.9min,并发16)
[22:31:21] [135/685] ✓ 雪貂 - OK 157778 bytes (31.9min,并发16)
[22:31:43] [136/685] ✓ 狍 - OK 168968 bytes (32.3min,并发16)
[22:31:46] [137/685] ✓ 黄麂 - OK 212119 bytes (32.4min,并发16)
[22:31:57] [138/685] ✓ 长臂猿 - OK 203029 bytes (32.5min,并发16)
[22:31:59] [139/685] ✓ 貂熊 - OK 214960 bytes (32.6min,并发16)
[22:32:05] [140/685] ✓ 骆驼 - OK 155797 bytes (32.7min,并发16)
[22:32:08] [141/685] ✓ 豪猪 - OK 272180 bytes (32.7min,并发16)
[22:32:29] [142/685] ✓ 貉 - OK 270019 bytes (33.1min,并发16)
[22:32:48] [143/685] ✓ 美洲狮 - OK 212556 bytes (33.4min,并发16)
[22:33:15] [144/685] ✓ 臭鼬 - OK 211915 bytes (33.8min,并发16)
[22:33:38] [145/685] ✓ 海豚 - OK 241686 bytes (34.2min,并发16)
[22:33:38] [146/685] ✓ 蓝闪蝶 - OK 168453 bytes (34.2min,并发16)
[22:33:38] [147/685] ✓ 马麝 - OK 214775 bytes (34.2min,并发16)
[22:33:41] [148/685] ✓ 箭毒蛙 - OK 163578 bytes (34.3min,并发16)
[22:33:42] [149/685] ✓ 大角羊 - OK 222217 bytes (34.3min,并发16)
[22:33:45] [150/685] ✓ 中华斑羚 - OK 215536 bytes (34.3min,并发16)
[22:33:47] [151/685] ✓ 树懒 - OK 201959 bytes (34.4min,并发16)
[22:33:57] [152/685] ✓ 海狗 - OK 242385 bytes (34.5min,并发16)
[22:34:02] [153/685] ✓ 麝牛 - OK 203979 bytes (34.6min,并发16)
[22:34:03] [154/685] ✓ 鼠海豚 - OK 139237 bytes (34.6min,并发16)
[22:34:07] [155/685] ✓ 大羚羊 - OK 202274 bytes (34.7min,并发16)
[22:34:38] [156/685] ✓ 中华白海豚 - OK 194980 bytes (35.2min,并发16)
[22:34:53] [157/685] ✓ 叉角羚 - OK 209846 bytes (35.5min,并发16)
[22:34:57] [158/685] ✓ 捻角羚 - OK 237403 bytes (35.5min,并发16)
[22:34:59] [159/685] ✓ 兰花螳螂 - OK 112536 bytes (35.6min,并发16)
[22:36:02] [160/685] ✓ 长戟大兜虫 - OK 196673 bytes (36.6min,并发16)
[22:36:20] [161/685] ✓ 旅鼠 - OK 192178 bytes (36.9min,并发16)
[22:36:33] [162/685] ✓ 袋鼬 - OK 216328 bytes (37.1min,并发16)
[22:36:33] [163/685] ✓ 侏食蚁兽 - OK 166478 bytes (37.1min,并发16)
[22:36:41] [164/685] ✓ 剑羚 - OK 150623 bytes (37.3min,并发16)
[22:36:45] [165/685] ✓ 普通燕鸥 - OK 176145 bytes (37.3min,并发16)
[22:36:50] [166/685] ✓ 跳鼠 - OK 141664 bytes (37.4min,并发16)
[22:36:53] [167/685] ✓ 水羚 - OK 239872 bytes (37.5min,并发16)
[22:37:00] [168/685] ✓ 塔尔羊 - OK 216201 bytes (37.6min,并发16)
[22:37:05] [169/685] ✓ 岩羚羊 - OK 197499 bytes (37.7min,并发16)
[22:37:08] [170/685] ✓ 袋狸 - OK 223112 bytes (37.7min,并发16)
[22:37:31] [171/685] ✓ 倭犰狳 - OK 172929 bytes (38.1min,并发16)
[22:37:38] [172/685] ✓ 羱羊 - OK 202730 bytes (38.2min,并发16)
[22:37:47] [173/685] ✓ 红脚鲣鸟 - OK 164757 bytes (38.4min,并发16)
[22:38:03] [174/685] ✓ 金花鼠 - OK 223176 bytes (38.7min,并发16)
[22:38:10] [175/685] ✓ 水貂 - OK 217497 bytes (38.8min,并发16)
[22:38:20] [176/685] ✓ 斑鹿 - OK 234615 bytes (38.9min,并发16)
[22:38:49] [177/685] ✓ 海鸠 - OK 272511 bytes (39.4min,并发16)
[22:38:50] [178/685] ✓ 大贼鸥 - OK 183994 bytes (39.4min,并发16)
[22:38:53] [179/685] ✓ 紫海胆 - OK 246421 bytes (39.5min,并发16)
[22:39:02] [180/685] ✓ 岩雷鸟 - OK 162774 bytes (39.6min,并发16)
[22:39:03] [181/685] ✓ 环斑海豹 - OK 151706 bytes (39.7min,并发16)
[22:39:15] [182/685] ✓ 捕鸟蛛 - OK 242958 bytes (39.8min,并发16)
[22:39:16] [183/685] ✗ 西非海牛 - HTTP400(内容被拒): b'{"error":{"message":"Unable to generate this content. Please modify your prompt and try again.","type":"invalid_request_error","param":"prompt","code"' (39.9min,并发16)
[22:39:23] [184/685] ✗ 刺参 - HTTP400(内容被拒): b'{"error":{"message":"Unable to generate this content. Please modify your prompt and try again.","type":"invalid_request_error","param":"prompt","code"' (40.0min,并发16)
[22:39:25] [185/685] ✓ 海月水母 - OK 134525 bytes (40.0min,并发16)
[22:39:43] [186/685] ✓ 棘冠海星 - OK 281874 bytes (40.3min,并发16)
[22:40:00] [187/685] ✓ 刀嘴海雀 - OK 166149 bytes (40.6min,并发16)
[22:40:11] [188/685] ✓ 雪兔 - OK 114809 bytes (40.8min,并发16)
[22:40:23] [189/685] ✓ 帝王蝎 - OK 181736 bytes (41.0min,并发16)
[22:40:39] [190/685] ✓ 巨人蜈蚣 - OK 205871 bytes (41.2min,并发16)
[22:41:01] [191/685] ✓ 鹿角珊瑚 - OK 237330 bytes (41.6min,并发16)
[22:41:47] [192/685] ✓ 海葵 - OK 249423 bytes (42.4min,并发16)
[22:42:08] [193/685] ✓ 马岛獴 - OK 233860 bytes (42.7min,并发16)
[22:42:12] [194/685] ✓ 白脸狐尾猴 - OK 187132 bytes (42.8min,并发16)
[22:42:13] [195/685] ✓ 黑掌蜘蛛猴 - OK 186314 bytes (42.8min,并发16)
[22:42:17] [196/685] ✓ 白面卷尾猴 - OK 166448 bytes (42.9min,并发16)
[22:42:18] [197/685] ✓ 非洲野犬 - OK 212995 bytes (42.9min,并发16)
[22:42:18] [198/685] ✓ 印度犀 - OK 209137 bytes (42.9min,并发16)
[22:42:24] [199/685] ✓ 红吼猴 - OK 206614 bytes (43.0min,并发16)
[22:42:33] [200/685] ✓ 南美海狮 - OK 226145 bytes (43.1min,并发16)
[22:42:49] [201/685] ✓ 小灵猫 - OK 205077 bytes (43.4min,并发16)
[22:42:50] [202/685] ✓ 豹猫 - OK 193914 bytes (43.4min,并发16)
[22:43:07] [203/685] ✓ 猫鼬 - OK 234030 bytes (43.7min,并发16)
[22:43:13] [204/685] ✓ 土狼 - OK 212070 bytes (43.8min,并发16)
[22:43:32] [205/685] ✓ 弯角剑羚 - OK 129813 bytes (44.1min,并发16)
[22:43:37] [206/685] ✓ 果子狸 - OK 193701 bytes (44.2min,并发16)
[22:43:44] [207/685] ✓ 普通狨猴 - OK 212510 bytes (44.3min,并发16)
[22:45:07] [208/685] ✓ 非洲灵猫 - OK 212162 bytes (45.7min,并发16)
[22:45:29] [209/685] ✓ 袋食蚁兽 - OK 275000 bytes (46.1min,并发16)
[22:45:30] [210/685] ✓ 伶鼬 - OK 94662 bytes (46.1min,并发16)
[22:45:32] [211/685] ✓ 獐 - OK 196441 bytes (46.1min,并发16)
[22:45:34] [212/685] ✓ 白眉长臂猿 - OK 212122 bytes (46.2min,并发16)
[22:45:36] [213/685] ✓ 野猪 - OK 268816 bytes (46.2min,并发16)
[22:45:36] [214/685] ✓ 短尾矮袋鼠 - OK 239199 bytes (46.2min,并发16)
[22:45:43] [215/685] ✓ 东部袋狸 - OK 224426 bytes (46.3min,并发16)
[22:46:12] [216/685] ✓ 赤猴 - OK 193447 bytes (46.8min,并发16)
[22:46:14] [217/685] ✓ 北极兔 - OK 127304 bytes (46.8min,并发16)
[22:46:14] [218/685] ✓ 袋獾 - OK 208280 bytes (46.8min,并发16)
[22:46:17] [219/685] ✓ 疣猴 - OK 262182 bytes (46.9min,并发16)
[22:46:27] [220/685] ✓ 松貂 - OK 240043 bytes (47.0min,并发16)
[22:46:27] [221/685] ✓ 帚尾袋貂 - OK 221913 bytes (47.1min,并发16)
[22:46:28] [222/685] ✓ 绿猴 - OK 225601 bytes (47.1min,并发16)
[22:47:24] [223/685] ✓ 合趾猿 - OK 224737 bytes (48.0min,并发16)
[22:50:28] [224/685] ✓ 欧亚獾 - OK 208283 bytes (51.1min,并发16)
[22:50:50] [225/685] ✓ 吸血蝠 - OK 174758 bytes (51.4min,并发16)
[22:50:52] [226/685] ✓ 刺豚鼠 - OK 227822 bytes (51.5min,并发16)
[22:50:59] [227/685] ✓ 德氏长尾猴 - OK 194597 bytes (51.6min,并发16)
[22:51:08] [228/685] ✓ 大耳蝠 - OK 133866 bytes (51.7min,并发16)
[22:51:09] [229/685] ✓ 狮尾狒 - OK 220692 bytes (51.7min,并发16)
[22:51:15] [230/685] ✓ 兔唇蝠 - OK 193373 bytes (51.8min,并发16)
[22:51:15] [231/685] ✓ 白臀叶猴 - OK 241845 bytes (51.8min,并发16)
[22:52:26] [232/685] ✓ 维氏冕狐猴 - OK 269304 bytes (53.0min,并发16)
[22:52:29] [233/685] ✓ 巨獭 - OK 224642 bytes (53.1min,并发16)
[22:52:30] [234/685] ✓ 斑羚 - OK 232274 bytes (53.1min,并发16)
[22:52:35] [235/685] ✓ 狮尾猴 - OK 214581 bytes (53.2min,并发16)
[22:52:52] [236/685] ✓ 鬣羚 - OK 236665 bytes (53.5min,并发16)
[22:52:54] [237/685] ✓ 豺 - OK 208173 bytes (53.5min,并发16)
[22:53:11] [238/685] ✓ 沙猫 - OK 145795 bytes (53.8min,并发16)
[22:53:13] [239/685] ✓ 渔貂 - OK 251296 bytes (53.8min,并发16)
[22:54:57] [240/685] ✓ 倭黑猩猩 - OK 242099 bytes (55.5min,并发16)
[22:54:58] [241/685] ✗ 血雉 - 内容安全拦截: blood (55.6min,并发16)
[22:55:16] [242/685] ✓ 霍加狓 - OK 276442 bytes (55.9min,并发16)
[22:55:23] [243/685] ✓ 岩蹄兔 - OK 235164 bytes (56.0min,并发16)
[22:55:23] [244/685] ✓ 羚牛 - OK 195956 bytes (56.0min,并发16)
[22:55:39] [245/685] ✓ 印度野牛 - OK 253727 bytes (56.2min,并发16)
[22:55:59] [246/685] ✓ 赤腹松鼠 - OK 190346 bytes (56.6min,并发16)
[22:56:11] [247/685] ✓ 兔耳袋狸 - OK 220269 bytes (56.8min,并发16)
[22:56:35] [248/685] ✓ 麝鼠 - OK 194462 bytes (57.2min,并发16)
[22:56:36] [249/685] ✓ 黑翅长脚鹬 - OK 164606 bytes (57.2min,并发16)
[22:56:40] [250/685] ✓ 小食蚁兽 - OK 201038 bytes (57.3min,并发16)
[22:56:44] [251/685] ✓ 乌鸫 - OK 190510 bytes (57.3min,并发16)
[22:56:45] [252/685] ✓ 煤山雀 - OK 166263 bytes (57.3min,并发16)
[22:57:01] [253/685] ✓ 黑鸢 - OK 133800 bytes (57.6min,并发16)
[22:57:34] [254/685] ✓ 罗纹鸭 - OK 172374 bytes (58.2min,并发16)
[22:57:46] [255/685] ✓ 二趾树懒 - OK 208971 bytes (58.4min,并发16)
[23:02:06] [256/685] ✓ 红白鼯鼠 - OK 203763 bytes (62.7min,并发16)
[23:02:35] [257/685] ✓ 白额雁 - OK 200912 bytes (63.2min,并发16)
[23:02:36] [258/685] ✓ 黄眉姬鹟 - OK 147081 bytes (63.2min,并发16)
[23:02:37] [259/685] ✓ 蓝矶鸫 - OK 176933 bytes (63.2min,并发16)
[23:02:41] [260/685] ✓ 夜鹭 - OK 128970 bytes (63.3min,并发16)
[23:02:41] [261/685] ✓ 栗背短脚鹎 - OK 174449 bytes (63.3min,并发16)
[23:02:48] [262/685] ✓ 灰头麦鸡 - OK 175113 bytes (63.4min,并发16)
[23:02:59] [263/685] ✓ 黄胸织布鸟 - OK 191218 bytes (63.6min,并发16)
[23:03:00] [264/685] ✓ 黑翅鸢 - OK 144025 bytes (63.6min,并发16)
[23:03:04] [265/685] ✓ 红梅花雀 - OK 136927 bytes (63.7min,并发16)
[23:03:06] [266/685] ✓ 黑颈鸊鷉 - OK 139513 bytes (63.7min,并发16)
[23:03:10] [267/685] ✓ 红头潜鸭 - OK 130899 bytes (63.8min,并发16)
[23:03:36] [268/685] ✓ 黄喉鹀 - OK 106976 bytes (64.2min,并发16)
[23:03:54] [269/685] ✗ 彩虹八色鸫 - HTTP400(内容被拒): b'{"error":{"message":"Unable to generate this content. Please modify your prompt and try again.","type":"invalid_request_error","param":"prompt","code"' (64.5min,并发16)
[23:04:35] [270/685] ✓ 白腰草鹬 - OK 207175 bytes (65.2min,并发16)
[23:04:38] [271/685] ✓ 翻石鹬 - OK 203264 bytes (65.2min,并发16)
[23:04:39] [272/685] ✓ 黑枕王鹟 - OK 157249 bytes (65.2min,并发16)
[23:05:16] [273/685] ✓ 黑裙鱼 - OK 178343 bytes (65.9min,并发16)
[23:05:21] [274/685] ✓ 虎皮鱼 - OK 214122 bytes (66.0min,并发16)
[23:05:38] [275/685] ✓ 宝莲灯 - OK 179148 bytes (66.2min,并发16)
[23:05:43] [276/685] ✓ 普通鵟 - OK 106024 bytes (66.3min,并发16)
[23:05:46] [277/685] ✓ 白头鹞 - OK 154535 bytes (66.4min,并发16)
[23:05:49] [278/685] ✓ 鹗 - OK 189043 bytes (66.4min,并发16)
[23:06:10] [279/685] ✓ 反游猫 - OK 227911 bytes (66.8min,并发16)
[23:06:15] [280/685] ✓ 银板 - OK 211032 bytes (66.9min,并发16)
[23:06:19] [281/685] ✓ 玻璃猫 - OK 171466 bytes (66.9min,并发16)
[23:06:51] [282/685] ✓ 红尾猫 - OK 178181 bytes (67.4min,并发16)
[23:07:03] [283/685] ✓ 斑马鱼 - OK 208488 bytes (67.6min,并发16)
[23:07:03] [284/685] ✓ 剑尾鱼 - OK 175698 bytes (67.6min,并发16)
[23:08:00] [285/685] ✓ 玛丽鱼 - OK 202848 bytes (68.6min,并发16)
[23:08:13] [286/685] ✓ 月光鱼 - OK 170301 bytes (68.8min,并发16)
[23:09:20] [287/685] ✓ 清道夫 - OK 175977 bytes (69.9min,并发16)
[23:09:35] [288/685] ✓ 孔雀鱼 - OK 202768 bytes (70.2min,并发16)
[23:09:56] [289/685] ✓ 蝴蝶鱼 - OK 235537 bytes (70.5min,并发16)
[23:10:08] [290/685] ✓ 武昌鱼 - OK 194310 bytes (70.7min,并发16)
[23:10:11] [291/685] ✓ 鳑鲏 - OK 217082 bytes (70.8min,并发16)
[23:10:15] [292/685] ✓ 加州鲈 - OK 202194 bytes (70.9min,并发16)
[23:10:27] [293/685] ✓ 翘嘴鲌 - OK 178378 bytes (71.0min,并发16)
[23:10:28] [294/685] ✓ 黄颡鱼 - OK 223668 bytes (71.1min,并发16)
[23:10:44] [295/685] ✓ 鲮鱼 - OK 227067 bytes (71.3min,并发16)
[23:10:45] [296/685] ✓ 青鱼 - OK 211317 bytes (71.3min,并发16)
[23:10:57] [297/685] ✓ 白条鱼 - OK 207675 bytes (71.5min,并发16)
[23:11:07] [298/685] ✓ 乌鳢 - OK 224259 bytes (71.7min,并发16)
[23:11:27] [299/685] ✓ 泰国虎鱼 - OK 211767 bytes (72.0min,并发16)
[23:11:43] [300/685] ✓ 银鲫 - OK 193943 bytes (72.3min,并发16)
[23:11:44] [301/685] ✓ 鳙鱼 - OK 175798 bytes (72.3min,并发16)
[23:12:06] [302/685] ✓ 马口鱼 - OK 240619 bytes (72.7min,并发16)
[23:12:52] [303/685] ✓ 鲢鱼 - OK 209703 bytes (73.5min,并发16)
[23:13:50] [304/685] ✓ 麦穗鱼 - OK 185405 bytes (74.4min,并发16)
[23:13:53] [305/685] ✗ 箱鲀 - HTTP400(内容被拒): b'{"error":{"message":"Unable to generate this content. Please modify your prompt and try again.","type":"invalid_request_error","param":"prompt","code"' (74.5min,并发16)
[23:14:19] [306/685] ✓ 沙丁鱼 - OK 234178 bytes (74.9min,并发16)
[23:14:22] [307/685] ✓ 刺豚 - OK 210150 bytes (75.0min,并发16)
[23:14:27] [308/685] ✓ 海龙 - OK 174694 bytes (75.0min,并发16)
[23:14:30] [309/685] ✓ 黑鲷 - OK 234183 bytes (75.1min,并发16)
[23:14:33] [310/685] ✓ 裂唇鱼 - OK 221586 bytes (75.1min,并发16)
[23:14:52] [311/685] ✓ 鲭鱼 - OK 169704 bytes (75.5min,并发16)
[23:15:02] [312/685] ✓ 海鲈 - OK 239797 bytes (75.6min,并发16)
[23:15:02] [313/685] ✓ 黄鲷 - OK 198664 bytes (75.6min,并发16)
[23:15:05] [314/685] ✓ 马鲛鱼 - OK 141972 bytes (75.7min,并发16)
[23:15:14] [315/685] ✓ 金线鱼 - OK 210684 bytes (75.8min,并发16)
[23:15:35] [316/685] ✓ 灯笼鱼 - OK 118190 bytes (76.2min,并发16)
[23:15:57] [317/685] ✓ 真鲷 - OK 237729 bytes (76.6min,并发16)
[23:16:19] [318/685] ✓ 鹦鹉鱼 - OK 241732 bytes (76.9min,并发16)
[23:17:12] [319/685] ✓ 秋刀鱼 - OK 216233 bytes (77.8min,并发16)
[23:17:21] [320/685] ✓ 蝰鱼 - OK 144494 bytes (78.0min,并发16)
[23:17:43] [321/685] ✗ 锦龟 - HTTP400(内容被拒): b'{"error":{"message":"Unable to generate this content. Please modify your prompt and try again.","type":"invalid_request_error","param":"prompt","code"' (78.3min,并发16)
[23:17:54] [322/685] ✓ 鲤鱼 - OK 209433 bytes (78.5min,并发16)
[23:17:58] [323/685] ✓ 赫尔曼陆龟 - OK 225432 bytes (78.6min,并发16)
[23:18:03] [324/685] ✓ 地图龟 - OK 231184 bytes (78.7min,并发16)
[23:18:05] [325/685] ✓ 麝香龟 - OK 193823 bytes (78.7min,并发16)
[23:18:07] [326/685] ✓ 银鲛 - OK 183918 bytes (78.7min,并发16)
[23:18:21] [327/685] ✓ 黄喉拟水龟 - OK 239811 bytes (79.0min,并发16)
[23:18:31] [328/685] ✓ 红腿陆龟 - OK 246822 bytes (79.1min,并发16)
[23:18:34] [329/685] ✓ 鲥鱼 - OK 228578 bytes (79.2min,并发16)
[23:19:11] [330/685] ✓ 蓝曼龙 - OK 199841 bytes (79.8min,并发16)
[23:19:37] [331/685] ✓ 麒麟鱼 - OK 222962 bytes (80.2min,并发16)
[23:21:05] [332/685] ✓ 缅甸陆龟 - OK 251832 bytes (81.7min,并发16)
[23:21:18] [333/685] ✓ 吞噬鳗 - OK 147114 bytes (81.9min,并发16)
[23:21:44] [334/685] ✓ 公鱼 - OK 164706 bytes (82.3min,并发16)
[23:22:12] [335/685] ✓ 管眼鱼 - OK 163667 bytes (82.8min,并发16)
[23:22:25] [336/685] ✓ 金钱龟 - OK 237995 bytes (83.0min,并发16)
[23:22:45] [337/685] ✗ 中华鳖 - HTTP400(内容被拒): b'{"error":{"message":"Unable to generate this content. Please modify your prompt and try again.","type":"invalid_request_error","param":"prompt","code"' (83.4min,并发16)
[23:22:46] [338/685] ✓ 滑鼠蛇 - OK 187635 bytes (83.4min,并发16)
[23:22:47] [339/685] ✗ 北方水蛇 - HTTP400(内容被拒): b'{"error":{"message":"Unable to generate this content. Please modify your prompt and try again.","type":"invalid_request_error","param":"prompt","code"' (83.4min,并发16)
[23:22:51] [340/685] ✓ 犀牛蛇 - OK 195146 bytes (83.5min,并发16)
[23:22:55] [341/685] ✓ 东部森王蛇 - OK 251731 bytes (83.5min,并发16)
[23:22:58] [342/685] ✓ 钩鼻蛇 - OK 207586 bytes (83.6min,并发16)
[23:23:02] [343/685] ✓ 红尾蚺 - OK 201117 bytes (83.6min,并发16)
[23:23:03] [344/685] ✓ 王蛇 - OK 194566 bytes (83.7min,并发16)
[23:23:09] [345/685] ✓ 非洲食卵蛇 - OK 189221 bytes (83.8min,并发16)
[23:23:19] [346/685] ✓ 草蛇 - OK 196599 bytes (83.9min,并发16)
[23:23:28] [347/685] ✓ 普通束带蛇 - OK 217790 bytes (84.1min,并发16)
[23:23:35] [348/685] ✓ 猪鼻蛇 - OK 204299 bytes (84.2min,并发16)
[23:24:00] [349/685] ✓ 珍珠鳖 - OK 234363 bytes (84.6min,并发16)
[23:24:08] [350/685] ✓ 王锦蛇 - OK 232201 bytes (84.7min,并发16)
[23:24:14] [351/685] ✓ 山瑞鳖 - OK 240713 bytes (84.8min,并发16)
[23:25:03] [352/685] ✓ 奶蛇 - OK 243813 bytes (85.7min,并发16)
[23:25:21] [353/685] ✓ 黄水蚺 - OK 199318 bytes (85.9min,并发16)
[23:25:31] [354/685] ✓ 黑刺尾鬣蜥 - OK 267403 bytes (86.1min,并发16)
[23:25:42] [355/685] ✓ 脆蛇蜥 - OK 243688 bytes (86.3min,并发16)
[23:25:51] [356/685] ✓ 捷蜥蜴 - OK 213264 bytes (86.4min,并发16)
[23:25:52] [357/685] ✓ 沙漠鬣蜥 - OK 241814 bytes (86.5min,并发16)
[23:26:03] [358/685] ✓ 蓝舌石龙子 - OK 228149 bytes (86.6min,并发16)
[23:26:16] [359/685] ✓ 帝王环尾蜥 - OK 277658 bytes (86.9min,并发16)
[23:26:26] [360/685] ✓ 双冠蜥 - OK 246798 bytes (87.0min,并发16)
[23:26:30] [361/685] ✓ 犰狳蜥 - OK 247574 bytes (87.1min,并发16)
[23:26:54] [362/685] ✓ 蓝尾石龙子 - OK 245191 bytes (87.5min,并发16)
[23:26:58] [363/685] ✓ 海鬣蜥 - OK 233335 bytes (87.6min,并发16)
[23:27:00] [364/685] ✓ 胎生蜥蜴 - OK 203932 bytes (87.6min,并发16)
[23:27:03] [365/685] ✓ 翡翠树蚺 - OK 195973 bytes (87.6min,并发16)
[23:27:07] [366/685] ✓ 埃及刺尾蜥 - OK 231323 bytes (87.7min,并发16)
[23:28:02] [367/685] ✓ 绿水蚺 - OK 198103 bytes (88.6min,并发16)
[23:28:15] [368/685] ✓ 中国石龙子 - OK 235987 bytes (88.8min,并发16)
[23:28:49] [369/685] ✓ 岛夜蜥 - OK 211462 bytes (89.4min,并发16)
[23:28:58] [370/685] ✓ 斑鳖 - OK 143559 bytes (89.6min,并发16)
[23:29:12] [371/685] ✓ 鼹蚓蜥 - OK 196152 bytes (89.8min,并发16)
[23:29:13] [372/685] ✓ 伞蜥 - OK 190350 bytes (89.8min,并发16)
[23:29:17] [373/685] ✗ 地龟 - HTTP400(内容被拒): b'{"error":{"message":"Unable to generate this content. Please modify your prompt and try again.","type":"invalid_request_error","param":"prompt","code"' (89.9min,并发16)
[23:29:22] [374/685] ✗ 东部箱龟 - HTTP400(内容被拒): b'{"error":{"message":"Unable to generate this content. Please modify your prompt and try again.","type":"invalid_request_error","param":"prompt","code"' (90.0min,并发16)
[23:29:22] [375/685] ✓ 印度棱背龟 - OK 202420 bytes (90.0min,并发16)
[23:29:22] [376/685] ✗ 沙漠鞭尾蜥 - HTTP400(内容被拒): b'{"error":{"message":"Unable to generate this content. Please modify your prompt and try again.","type":"invalid_request_error","param":"prompt","code"' (90.0min,并发16)
[23:29:24] [377/685] ✓ 星点龟 - OK 272954 bytes (90.0min,并发16)
[23:29:27] [378/685] ✓ 拟鳄龟 - OK 231619 bytes (90.0min,并发16)
[23:29:29] [379/685] ✓ 平胸龟 - OK 231159 bytes (90.1min,并发16)
[23:29:31] [380/685] ✓ 欧泽龟 - OK 207536 bytes (90.1min,并发16)
[23:29:44] [381/685] ✓ 变色树蜥 - OK 181693 bytes (90.3min,并发16)
[23:29:52] [382/685] ✓ 楔齿蜥 - OK 204173 bytes (90.5min,并发16)
[23:30:01] [383/685] ✓ 剃刀蛋龟 - OK 213428 bytes (90.6min,并发16)
[23:30:27] [384/685] ✓ 刺鳖 - OK 222299 bytes (91.0min,并发16)
[23:30:52] [385/685] ✓ 北草蜥 - OK 125055 bytes (91.5min,并发16)
[23:30:57] [386/685] ✗ 钝尾两头蛇 - HTTP400(内容被拒): b'{"error":{"message":"Unable to generate this content. Please modify your prompt and try again.","type":"invalid_request_error","param":"prompt","code"' (91.5min,并发16)
[23:30:58] [387/685] ✓ 赤链蛇 - OK 204704 bytes (91.6min,并发16)
[23:30:58] [388/685] ✓ 古巴岩鬣蜥 - OK 224609 bytes (91.6min,并发16)
[23:31:07] [389/685] ✓ 丽斑麻蜥 - OK 190504 bytes (91.7min,并发16)
[23:31:30] [390/685] ✓ 白环蛇 - OK 207965 bytes (92.1min,并发16)
[23:31:51] [391/685] ✗ 犀牛鬣蜥 - HTTP400(内容被拒): b'{"error":{"message":"Unable to generate this content. Please modify your prompt and try again.","type":"invalid_request_error","param":"prompt","code"' (92.4min,并发16)
[23:31:55] [392/685] ✓ 铜蜓蜥 - OK 179572 bytes (92.5min,并发16)
[23:32:06] [393/685] ✓ 飞蜥 - OK 200743 bytes (92.7min,并发16)
[23:32:15] [394/685] ✓ 中国鳄蜥 - OK 224673 bytes (92.8min,并发16)
[23:32:21] [395/685] ✓ 渔游蛇 - OK 176958 bytes (93.0min,并发16)
[23:32:22] [396/685] ✓ 蛇蜥 - OK 204116 bytes (93.0min,并发16)
[23:32:48] [397/685] ✓ 白条锦蛇 - OK 196725 bytes (93.4min,并发16)
[23:32:49] [398/685] ✓ 鳞脚蜥 - OK 234835 bytes (93.4min,并发16)
[23:33:11] [399/685] ✓ 过树蛇 - OK 233837 bytes (93.8min,并发16)
[23:36:24] [400/685] ✓ 长鬣蜥 - OK 230320 bytes (97.0min,并发16)
[23:36:46] [401/685] ✓ 中华髭蟾 - OK 232813 bytes (97.4min,并发16)
[23:36:51] [402/685] ✗ 峨眉角蟾 - HTTP400(内容被拒): b'{"error":{"message":"Unable to generate this content. Please modify your prompt and try again.","type":"invalid_request_error","param":"prompt","code"' (97.4min,并发16)
[23:36:53] [403/685] ✗ 东部锄足蟾 - HTTP400(内容被拒): b'{"error":{"message":"Unable to generate this content. Please modify your prompt and try again.","type":"invalid_request_error","param":"prompt","code"' (97.5min,并发16)
[23:37:08] [404/685] ✓ 东方铃蟾 - OK 184190 bytes (97.7min,并发16)
[23:37:11] [405/685] ✗ 加州锄足蟾 - HTTP400(内容被拒): b'{"error":{"message":"Unable to generate this content. Please modify your prompt and try again.","type":"invalid_request_error","param":"prompt","code"' (97.8min,并发16)
[23:37:18] [406/685] ✗ 泽蛙 - HTTP400(内容被拒): b'{"error":{"message":"Unable to generate this content. Please modify your prompt and try again.","type":"invalid_request_error","param":"prompt","code"' (97.9min,并发16)
[23:37:21] [407/685] ✓ 欧洲黄腹铃蟾 - OK 238170 bytes (97.9min,并发16)
[23:37:28] [408/685] ✓ 瘰鳞蛇 - OK 229917 bytes (98.1min,并发16)
[23:37:39] [409/685] ✓ 双团棘胸蛙 - OK 243211 bytes (98.2min,并发16)
[23:37:48] [410/685] ✓ 灰雨蛙 - OK 189867 bytes (98.4min,并发16)
[23:37:52] [411/685] ✓ 大树蛙 - OK 188035 bytes (98.5min,并发16)
[23:38:33] [412/685] ✓ 花狭口蛙 - OK 224784 bytes (99.1min,并发16)
[23:38:53] [413/685] ✓ 太平洋雨蛙 - OK 212722 bytes (99.5min,并发16)
[23:40:05] [414/685] ✓ 黑头剑蛇 - OK 201806 bytes (100.7min,并发16)
[23:40:34] [415/685] ✓ 黑蹼树蛙 - OK 231023 bytes (101.2min,并发16)
[23:40:52] [416/685] ✓ 北美窄口蟾 - OK 216194 bytes (101.5min,并发16)
[23:41:13] [417/685] ✗ 版纳鱼螈 - HTTP400(内容被拒): b'{"error":{"message":"Unable to generate this content. Please modify your prompt and try again.","type":"invalid_request_error","param":"prompt","code"' (101.8min,并发16)
[23:41:26] [418/685] ✓ 墨西哥蚓螈 - OK 219489 bytes (102.0min,并发16)
[23:41:39] [419/685] ✓ 红瘰疣螈 - OK 207669 bytes (102.2min,并发16)
[23:41:44] [420/685] ✓ 产婆蟾 - OK 200791 bytes (102.3min,并发16)
[23:41:49] [421/685] ✓ 环纹蚓螈 - OK 210621 bytes (102.4min,并发16)
[23:41:55] [422/685] ✓ 弹琴蛙 - OK 170166 bytes (102.5min,并发16)
[23:41:57] [423/685] ✓ 斑泥螈 - OK 191543 bytes (102.6min,并发16)
[23:41:59] [424/685] ✓ 星天牛 - OK 163459 bytes (102.6min,并发16)
[23:42:11] [425/685] ✓ 中国小鲵 - OK 212811 bytes (102.8min,并发16)
[23:42:25] [426/685] ✓ 洞螈 - OK 139722 bytes (103.0min,并发16)
[23:42:44] [427/685] ✓ 陆巨螈 - OK 240888 bytes (103.3min,并发16)
[23:42:51] [428/685] ✓ 澳洲绿树蛙 - OK 160777 bytes (103.4min,并发16)
[23:42:53] [429/685] ✓ 红背无肺螈 - OK 209095 bytes (103.5min,并发16)
[23:42:58] [430/685] ✓ 贵州疣螈 - OK 206178 bytes (103.6min,并发16)
[23:44:10] [431/685] ✓ 大泥螈 - OK 205656 bytes (104.8min,并发16)
[23:45:31] [432/685] ✓ 三趾两栖螈 - OK 182242 bytes (106.1min,并发16)
[23:45:57] [433/685] ✓ 铜绿丽金龟 - OK 153985 bytes (106.5min,并发16)
[23:45:57] [434/685] ✗ 神农洁蜣螂 - HTTP400(内容被拒): b'{"error":{"message":"Unable to generate this content. Please modify your prompt and try again.","type":"invalid_request_error","param":"prompt","code"' (106.6min,并发16)
[23:46:09] [435/685] ✓ 黄缘龙虱 - OK 181799 bytes (106.7min,并发16)
[23:46:10] [436/685] ✓ 异色瓢虫 - OK 163035 bytes (106.8min,并发16)
[23:46:25] [437/685] ✓ 甘薯蚁象 - OK 155059 bytes (107.0min,并发16)
[23:46:31] [438/685] ✓ 云斑天牛 - OK 220678 bytes (107.1min,并发16)
[23:46:31] [439/685] ✗ 沟金针虫 - HTTP400(内容被拒): b'{"error":{"message":"Unable to generate this content. Please modify your prompt and try again.","type":"invalid_request_error","param":"prompt","code"' (107.1min,并发16)
[23:46:36] [440/685] ✓ 华北大黑鳃金龟 - OK 186140 bytes (107.2min,并发16)
[23:46:36] [441/685] ✓ 茄二十八星瓢虫 - OK 153264 bytes (107.2min,并发16)
[23:47:03] [442/685] ✓ 阳彩臂金龟 - OK 199222 bytes (107.7min,并发16)
[23:47:26] [443/685] ✓ 白星花金龟 - OK 176154 bytes (108.0min,并发16)
[23:47:36] [444/685] ✓ 龟纹瓢虫 - OK 153431 bytes (108.2min,并发16)
[23:47:39] [445/685] ✓ 中华虎甲 - OK 193442 bytes (108.2min,并发16)
[23:48:39] [446/685] ✓ 红棕象甲 - OK 213785 bytes (109.2min,并发16)
[23:48:44] [447/685] ✗ 大黑埋葬虫 - HTTP400(内容被拒): b'{"error":{"message":"Unable to generate this content. Please modify your prompt and try again.","type":"invalid_request_error","param":"prompt","code"' (109.3min,并发16)
[23:51:00] [448/685] ✓ 金星步甲 - OK 174562 bytes (111.6min,并发16)
[23:51:26] [449/685] ✓ 柞蚕 - OK 169728 bytes (112.0min,并发16)
[23:51:26] [450/685] ✓ 黑纹粉蝶 - OK 170451 bytes (112.0min,并发16)
[23:51:26] [451/685] ✓ 菜粉蝶 - OK 160842 bytes (112.0min,并发16)
[23:51:27] [452/685] ✓ 大红蛱蝶 - OK 223155 bytes (112.0min,并发16)
[23:51:33] [453/685] ✓ 金斑喙凤蝶 - OK 183214 bytes (112.1min,并发16)
[23:51:36] [454/685] ✓ 大斑芫菁 - OK 150042 bytes (112.2min,并发16)
[23:51:36] [455/685] ✓ 豆天蛾 - OK 143079 bytes (112.2min,并发16)
[23:51:39] [456/685] ✓ 马铃薯叶甲 - OK 149935 bytes (112.3min,并发16)
[23:51:43] [457/685] ✓ 苎麻珍蝶 - OK 166393 bytes (112.3min,并发16)
[23:51:59] [458/685] ✓ 小豆长喙天蛾 - OK 128237 bytes (112.6min,并发16)
[23:52:04] [459/685] ✓ 樟蚕 - OK 182424 bytes (112.7min,并发16)
[23:52:06] [460/685] ✓ 裳凤蝶 - OK 175706 bytes (112.7min,并发16)
[23:52:08] [461/685] ✓ 黄粉虫 - OK 198476 bytes (112.7min,并发16)
[23:52:10] [462/685] ✓ 电蛱蝶 - OK 205871 bytes (112.8min,并发16)
[23:54:22] [463/685] ✓ 大牙甲 - OK 195126 bytes (115.0min,并发16)
[23:56:21] [464/685] ✓ 直纹稻弄蝶 - OK 144980 bytes (117.0min,并发16)
[23:56:45] [465/685] ✓ 德国黄胡蜂 - OK 173506 bytes (117.3min,并发16)
[23:56:51] [466/685] ✗ 南美切叶蚁 - HTTP400(内容被拒): b'{"error":{"message":"Unable to generate this content. Please modify your prompt and try again.","type":"invalid_request_error","param":"prompt","code"' (117.4min,并发16)
[23:56:55] [467/685] ✓ 棉铃虫 - OK 158977 bytes (117.5min,并发16)
[23:56:56] [468/685] ✓ 墨胸胡蜂 - OK 179945 bytes (117.5min,并发16)
[23:57:01] [469/685] ✓ 明亮熊蜂 - OK 165916 bytes (117.6min,并发16)
[23:57:24] [470/685] ✓ 伯切尔行军蚁 - OK 202105 bytes (118.0min,并发16)
[23:57:30] [471/685] ✓ 红缘灯蛾 - OK 152188 bytes (118.1min,并发16)
[23:57:44] [472/685] ✓ 桦尺蠖 - OK 235214 bytes (118.3min,并发16)
[23:57:45] [473/685] ✓ 红光熊蜂 - OK 145142 bytes (118.4min,并发16)
[23:57:51] [474/685] ✓ 亚非马蜂 - OK 171784 bytes (118.4min,并发16)
[23:58:09] [475/685] ✓ 金环胡蜂 - OK 148427 bytes (118.7min,并发16)
[23:58:10] [476/685] ✓ 子弹蚁 - OK 213344 bytes (118.8min,并发16)
[23:58:14] [477/685] ✓ 小地老虎 - OK 185992 bytes (118.8min,并发16)
[23:58:19] [478/685] ✓ 中华木蜂 - OK 186194 bytes (118.9min,并发16)
[23:58:43] [479/685] ✓ 黄刺蛾 - OK 185696 bytes (119.3min,并发16)
[23:59:01] [480/685] ✓ 红火蚁 - OK 219752 bytes (119.6min,并发16)
[23:59:20] [481/685] ✓ 黑带食蚜蝇 - OK 126416 bytes (119.9min,并发16)
[23:59:24] [482/685] ✓ 致倦库蚊 - OK 160891 bytes (120.0min,并发16)
[23:59:28] [483/685] ✓ 中华斑虻 - OK 143632 bytes (120.1min,并发16)
[23:59:29] [484/685] ✓ 螟蛉悬茧姬蜂 - OK 144453 bytes (120.1min,并发16)
[23:59:38] [485/685] ✓ 羽摇蚊 - OK 184076 bytes (120.2min,并发16)
[23:59:39] [486/685] ✓ 蜂虻 - OK 140784 bytes (120.3min,并发16)
[23:59:51] [487/685] ✓ 沼泽大蚊 - OK 133000 bytes (120.4min,并发16)
[00:00:12] [488/685] ✓ 中华按蚊 - OK 128977 bytes (120.8min,并发16)
[00:00:19] [489/685] ✓ 黄猄蚁 - OK 143783 bytes (120.9min,并发16)
[00:00:36] [490/685] ✓ 蟪蛄 - OK 212347 bytes (121.2min,并发16)
[00:00:45] [491/685] ✓ 松毛虫赤眼蜂 - OK 141975 bytes (121.3min,并发16)
[00:01:14] [492/685] ✓ 扁头泥蜂 - OK 178270 bytes (121.8min,并发16)
[00:01:21] [493/685] ✓ 大头金蝇 - OK 189541 bytes (121.9min,并发16)
[00:01:22] [494/685] ✓ 黑腹果蝇 - OK 157933 bytes (122.0min,并发16)
[00:02:19] [495/685] ✓ 家蝇 - OK 114060 bytes (122.9min,并发16)
[00:03:19] [496/685] ✓ 埃及伊蚊 - OK 158155 bytes (123.9min,并发16)
[00:03:49] [497/685] ✓ 大田鳖 - OK 174378 bytes (124.4min,并发16)
[00:03:49] [498/685] ✓ 荔蝽 - OK 171508 bytes (124.4min,并发16)
[00:03:49] [499/685] ✓ 悬铃木方翅网蝽 - OK 164502 bytes (124.4min,并发16)
[00:04:03] [500/685] ✓ 沫蝉 - OK 130245 bytes (124.6min,并发16)
[00:04:04] [501/685] ✓ 日本蝎蝽 - OK 174901 bytes (124.7min,并发16)
[00:04:10] [502/685] ✓ 棺头蟋 - OK 195228 bytes (124.8min,并发16)
[00:04:11] [503/685] ✓ 优雅蝈螽 - OK 134655 bytes (124.8min,并发16)
[00:04:29] [504/685] ✓ 斑衣蜡蝉 - OK 204983 bytes (125.1min,并发16)
[00:05:08] [505/685] ✓ 蒙古寒蝉 - OK 179648 bytes (125.7min,并发16)
[00:05:23] [506/685] ✓ 黄脸油葫芦 - OK 198432 bytes (126.0min,并发16)
[00:05:40] [507/685] ✓ 棉蚜 - OK 145500 bytes (126.3min,并发16)
[00:05:53] [508/685] ✓ 麻皮蝽 - OK 220473 bytes (126.5min,并发16)
[00:05:57] [509/685] ✓ 纺织娘 - OK 139025 bytes (126.6min,并发16)
[00:06:39] [510/685] ✓ 暗褐蝈螽 - OK 149260 bytes (127.2min,并发16)
[00:07:00] [511/685] ✓ 桃蚜 - OK 138245 bytes (127.6min,并发16)
[00:08:36] [512/685] ✓ 水黾 - OK 142124 bytes (129.2min,并发16)
[00:08:59] [513/685] ✓ 中华蚱蜢 - OK 173312 bytes (129.6min,并发16)
[00:09:05] [514/685] ✓ 黄脊竹蝗 - OK 145133 bytes (129.7min,并发16)
[00:09:06] [515/685] ✓ 中华稻蝗 - OK 152826 bytes (129.7min,并发16)
[00:09:08] [516/685] ✓ 魔花螳螂 - OK 158345 bytes (129.7min,并发16)
[00:09:15] [517/685] ✓ 欧洲螳螂 - OK 168101 bytes (129.9min,并发16)
[00:09:17] [518/685] ✓ 枯叶螳螂 - OK 184542 bytes (129.9min,并发16)
[00:09:39] [519/685] ✓ 短额负蝗 - OK 162173 bytes (130.2min,并发16)
[00:09:45] [520/685] ✓ 白尾灰蜻 - OK 133889 bytes (130.4min,并发16)
[00:09:49] [521/685] ✓ 黄蜻 - OK 154392 bytes (130.4min,并发16)
[00:09:53] [522/685] ✓ 黑丽翅蜻 - OK 154723 bytes (130.5min,并发16)
[00:09:58] [523/685] ✓ 棉蝗 - OK 178225 bytes (130.6min,并发16)
[00:10:23] [524/685] ✓ 黑纹伟蜓 - OK 143816 bytes (131.0min,并发16)
[00:10:25] [525/685] ✓ 金铃 - OK 118870 bytes (131.0min,并发16)
[00:10:29] [526/685] ✗ 华北蝼蛄 - HTTP400(内容被拒): b'{"error":{"message":"Unable to generate this content. Please modify your prompt and try again.","type":"invalid_request_error","param":"prompt","code"' (131.1min,并发16)
[00:12:34] [527/685] ✓ 白扇蟌 - OK 111377 bytes (133.2min,并发16)
[00:13:38] [528/685] ✓ 红蜻 - OK 159893 bytes (134.2min,并发16)
[00:13:56] [529/685] ✗ 德国小蠊 - HTTP400(内容被拒): b'{"error":{"message":"Unable to generate this content. Please modify your prompt and try again.","type":"invalid_request_error","param":"prompt","code"' (134.5min,并发16)
[00:14:04] [530/685] ✓ 蛇蛉 - OK 195158 bytes (134.7min,并发16)
[00:14:09] [531/685] ✓ 中华真地鳖 - OK 205148 bytes (134.8min,并发16)
[00:14:11] [532/685] ✓ 叶䗛 - OK 206105 bytes (134.8min,并发16)
[00:14:14] [533/685] ✓ 印度竹节虫 - OK 118897 bytes (134.8min,并发16)
[00:14:18] [534/685] ✓ 日本螳蛉 - OK 153152 bytes (134.9min,并发16)
[00:14:30] [535/685] ✓ 查尼巨竹节虫 - OK 187734 bytes (135.1min,并发16)
[00:14:31] [536/685] ✓ 中华斑鱼蛉 - OK 168154 bytes (135.1min,并发16)
[00:14:47] [537/685] ✓ 蜉蝣 - OK 127409 bytes (135.4min,并发16)
[00:14:48] [538/685] ✓ 捻翅虫 - OK 171252 bytes (135.4min,并发16)
[00:15:21] [539/685] ✓ 白符跳 - OK 174461 bytes (136.0min,并发16)
[00:15:27] [540/685] ✓ 美洲大蠊 - OK 197502 bytes (136.0min,并发16)
[00:15:41] [541/685] ✓ 东方巨齿蛉 - OK 203951 bytes (136.3min,并发16)
[00:15:56] [542/685] ✓ 大草蛉 - OK 157637 bytes (136.5min,并发16)
[00:16:22] [543/685] ✓ 石蛾 - OK 215716 bytes (137.0min,并发16)
[00:16:59] [544/685] ✓ 中华东蚁蛉 - OK 134832 bytes (137.6min,并发16)
[00:17:23] [545/685] ✓ 锯角萤 - OK 110741 bytes (138.0min,并发16)
[00:17:23] [546/685] ✓ 大云鳃金龟 - OK 148191 bytes (138.0min,并发16)
[00:17:28] [547/685] ✓ 胸窗萤 - OK 111720 bytes (138.1min,并发16)
[00:17:29] [548/685] ✓ 拉步甲 - OK 202189 bytes (138.1min,并发16)
[00:17:45] [549/685] ✓ 大龙虱 - OK 165192 bytes (138.4min,并发16)
[00:18:00] [550/685] ✓ 绿尾大蚕蛾 - OK 165933 bytes (138.6min,并发16)
[00:18:02] [551/685] ✓ 椰蛀犀金龟 - OK 191551 bytes (138.6min,并发16)
[00:18:03] [552/685] ✓ 桑天牛 - OK 177479 bytes (138.6min,并发16)
[00:18:08] [553/685] ✓ 烟蓟马 - OK 139251 bytes (138.7min,并发16)
[00:18:11] [554/685] ✓ 气步甲 - OK 205784 bytes (138.8min,并发16)
[00:18:11] [555/685] ✗ 丽叩甲 - HTTP400(内容被拒): b'{"error":{"message":"Unable to generate this content. Please modify your prompt and try again.","type":"invalid_request_error","param":"prompt","code"' (138.8min,并发16)
[00:18:31] [556/685] ✓ 野蚕 - OK 188145 bytes (139.1min,并发16)
[00:19:20] [557/685] ✓ 樗蚕 - OK 164227 bytes (139.9min,并发16)
[00:19:22] [558/685] ✓ 桃红颈天牛 - OK 171120 bytes (140.0min,并发16)
[00:20:48] [559/685] ✗ 黑翅土白蚁 - HTTP400(内容被拒): b'{"error":{"message":"Unable to generate this content. Please modify your prompt and try again.","type":"invalid_request_error","param":"prompt","code"' (141.4min,并发16)
[00:21:15] [560/685] ✓ 台湾乳白蚁 - OK 186731 bytes (141.8min,并发16)
[00:21:38] [561/685] ✓ 东亚异痣蟌 - OK 115890 bytes (142.2min,并发16)
[00:21:38] [562/685] ✗ 双斑蟋 - HTTP400(内容被拒): b'{"error":{"message":"Unable to generate this content. Please modify your prompt and try again.","type":"invalid_request_error","param":"prompt","code"' (142.2min,并发16)
[00:21:39] [563/685] ✓ 大团扇春蜓 - OK 212473 bytes (142.2min,并发16)
[00:21:39] [564/685] ✓ 蜾蠃 - OK 198577 bytes (142.3min,并发16)
[00:21:50] [565/685] ✓ 松毛虫黑胸姬蜂 - OK 159310 bytes (142.4min,并发16)
[00:21:58] [566/685] ✓ 丝光绿蝇 - OK 141159 bytes (142.6min,并发16)
[00:22:05] [567/685] ✓ 白纹伊蚊 - OK 148326 bytes (142.7min,并发16)
[00:22:21] [568/685] ✓ 淡色库蚊 - OK 152475 bytes (142.9min,并发16)
[00:22:24] [569/685] ✓ 玉带蜻 - OK 165717 bytes (143.0min,并发16)
[00:22:35] [570/685] ✓ 绿螽斯 - OK 148956 bytes (143.2min,并发16)
[00:22:38] [571/685] ✓ 亚洲小车蝗 - OK 163960 bytes (143.2min,并发16)
[00:22:42] [572/685] ✓ 甘薯天蛾 - OK 152983 bytes (143.3min,并发16)
[00:23:04] [573/685] ✓ 红头丽蝇 - OK 177882 bytes (143.7min,并发16)
[00:23:36] [574/685] ✓ 苜蓿切叶蜂 - OK 186294 bytes (144.2min,并发16)
[00:25:44] [575/685] ✓ 螟蛉绒茧蜂 - OK 111801 bytes (146.3min,并发16)
[00:25:58] [576/685] ✓ 青蜂 - OK 186187 bytes (146.6min,并发16)
[00:26:25] [577/685] ✓ 幽灵螳螂 - OK 111690 bytes (147.0min,并发16)
[00:26:26] [578/685] ✓ 温带臭虫 - OK 119925 bytes (147.0min,并发16)
[00:26:26] [579/685] ✓ 黄翅大白蚁 - OK 188444 bytes (147.0min,并发16)
[00:26:28] [580/685] ✓ 刺花螳螂 - OK 160951 bytes (147.1min,并发16)
[00:26:31] [581/685] ✓ 中华草蛉 - OK 138498 bytes (147.1min,并发16)
[00:26:38] [582/685] ✓ 鸣鸣蝉 - OK 213088 bytes (147.2min,并发16)
[00:26:43] [583/685] ✓ 红娘子 - OK 154198 bytes (147.3min,并发16)
[00:26:50] [584/685] ✓ 小提琴螳螂 - OK 134048 bytes (147.4min,并发16)
[00:26:52] [585/685] ✓ 眼斑螳 - OK 130469 bytes (147.5min,并发16)
[00:27:00] [586/685] ✓ 茶翅蝽 - OK 168008 bytes (147.6min,并发16)
[00:27:19] [587/685] ✓ 枝䗛 - OK 131864 bytes (147.9min,并发16)
[00:27:34] [588/685] ✗ 眼斑螳螂 - HTTP400(内容被拒): b'{"error":{"message":"Unable to generate this content. Please modify your prompt and try again.","type":"invalid_request_error","param":"prompt","code"' (148.2min,并发16)
[00:27:46] [589/685] ✓ 东方蜚蠊 - OK 217194 bytes (148.4min,并发16)
[00:28:08] [590/685] ✓ 衣鱼 - OK 171493 bytes (148.7min,并发16)
[00:28:40] [591/685] ✓ 褐飞虱 - OK 146561 bytes (149.3min,并发16)
[00:29:38] [592/685] ✓ 猫头鹰蝶 - OK 252595 bytes (150.2min,并发16)
[00:30:00] [593/685] ✓ 大螯寄居蟹 - OK 193684 bytes (150.6min,并发16)
[00:30:03] [594/685] ✓ 欧氏蜘蛛蟹 - OK 223422 bytes (150.6min,并发16)
[00:30:14] [595/685] ✓ 面包蟹 - OK 249285 bytes (150.8min,并发16)
[00:30:16] [596/685] ✓ 角眼沙蟹 - OK 198945 bytes (150.9min,并发16)
[00:30:28] [597/685] ✓ 弧边招潮蟹 - OK 176761 bytes (151.1min,并发16)
[00:30:31] [598/685] ✓ 甘氏巨螯蟹 - OK 218077 bytes (151.1min,并发16)
[00:30:42] [599/685] ✓ 拟穴青蟹 - OK 207350 bytes (151.3min,并发16)
[00:30:43] [600/685] ✓ 珍宝蟹 - OK 244221 bytes (151.3min,并发16)
[00:30:49] [601/685] ✓ 椰子蟹 - OK 259237 bytes (151.4min,并发16)
[00:30:52] [602/685] ✓ 三疣梭子蟹 - OK 222239 bytes (151.5min,并发16)
[00:30:55] [603/685] ✓ 紫陆寄居蟹 - OK 186915 bytes (151.5min,并发16)
[00:31:23] [604/685] ✓ 地图蝶 - OK 162810 bytes (152.0min,并发16)
[00:31:45] [605/685] ✓ 肝叶馒头蟹 - OK 227626 bytes (152.3min,并发16)
[00:31:54] [606/685] ✓ 卷折馒头蟹 - OK 206984 bytes (152.5min,并发16)
[00:32:08] [607/685] ✓ 真寄居蟹 - OK 234688 bytes (152.7min,并发16)
[00:33:36] [608/685] ✓ 中华关公蟹 - OK 210208 bytes (154.2min,并发16)
[00:33:39] [609/685] ✗ 和尚蟹 - HTTP400(内容被拒): b'{"error":{"message":"Unable to generate this content. Please modify your prompt and try again.","type":"invalid_request_error","param":"prompt","code"' (154.2min,并发16)
[00:34:04] [610/685] ✓ 大圆轴蟹 - OK 251215 bytes (154.7min,并发16)
[00:34:09] [611/685] ✓ 豆蟹 - OK 133217 bytes (154.7min,并发16)
[00:34:11] [612/685] ✓ 基围虾 - OK 208421 bytes (154.8min,并发16)
[00:34:11] [613/685] ✓ 红瓷蟹 - OK 234474 bytes (154.8min,并发16)
[00:34:17] [614/685] ✓ 太平洋磷虾 - OK 201262 bytes (154.9min,并发16)
[00:34:17] [615/685] ✓ 萨利轻足蟹 - OK 270272 bytes (154.9min,并发16)
[00:34:18] [616/685] ✓ 欧洲螯虾 - OK 224942 bytes (154.9min,并发16)
[00:34:36] [617/685] ✓ 蛙形蟹 - OK 202053 bytes (155.2min,并发16)
[00:34:38] [618/685] ✓ 普通滨蟹 - OK 258296 bytes (155.2min,并发16)
[00:34:41] [619/685] ✓ 克氏原螯虾 - OK 198394 bytes (155.3min,并发16)
[00:34:45] [620/685] ✓ 北极甜虾 - OK 186678 bytes (155.4min,并发16)
[00:34:48] [621/685] ✓ 紫地蟹 - OK 245531 bytes (155.4min,并发16)
[00:35:06] [622/685] ✓ 南极磷虾 - OK 202075 bytes (155.7min,并发16)
[00:35:10] [623/685] ✓ 斑点虾 - OK 247851 bytes (155.8min,并发16)
[00:38:34] [624/685] ✓ 中国对虾 - OK 181590 bytes (159.2min,并发16)
[00:39:02] [625/685] ✓ 日本沼虾 - OK 216966 bytes (159.6min,并发16)
[00:39:04] [626/685] ✓ 虾夷扇贝 - OK 184771 bytes (159.7min,并发16)
[00:39:11] [627/685] ✓ 短脊鼓虾 - OK 249474 bytes (159.8min,并发16)
[00:39:19] [628/685] ✓ 纹藤壶 - OK 275782 bytes (159.9min,并发16)
[00:39:29] [629/685] ✓ 罗氏沼虾 - OK 245480 bytes (160.1min,并发16)
[00:39:32] [630/685] ✓ 栉孔扇贝 - OK 223617 bytes (160.1min,并发16)
[00:39:40] [631/685] ✓ 中国鲎 - OK 230819 bytes (160.3min,并发16)
[00:39:41] [632/685] ✓ 卤虫 - OK 118735 bytes (160.3min,并发16)
[00:39:43] [633/685] ✓ 日本麦秆虫 - OK 158221 bytes (160.3min,并发16)
[00:39:43] [634/685] ✓ 樱花虾 - OK 207973 bytes (160.3min,并发16)
[00:39:51] [635/685] ✓ 美洲鲎 - OK 204372 bytes (160.5min,并发16)
[00:39:57] [636/685] ✓ 太平洋牡蛎 - OK 212097 bytes (160.6min,并发16)
[00:40:22] [637/685] ✓ 清洁虾 - OK 227469 bytes (161.0min,并发16)
[00:40:30] [638/685] ✓ 大型溞 - OK 146952 bytes (161.1min,并发16)
[00:41:49] [639/685] ✓ 鹅颈藤壶 - OK 242609 bytes (162.4min,并发16)
[00:43:11] [640/685] ✓ 大王具足虫 - OK 185122 bytes (163.8min,并发16)
[00:43:29] [641/685] ✓ 脉红螺 - OK 195878 bytes (164.1min,并发16)
[00:43:31] [642/685] ✓ 江珧 - OK 199302 bytes (164.1min,并发16)
[00:43:33] [643/685] ✓ 文蛤 - OK 173313 bytes (164.1min,并发16)
[00:43:33] [644/685] ✓ 象拔蚌 - OK 212900 bytes (164.2min,并发16)
[00:43:33] [645/685] ✗ 欧洲平牡蛎 - HTTP400(内容被拒): b'{"error":{"message":"Unable to generate this content. Please modify your prompt and try again.","type":"invalid_request_error","param":"prompt","code"' (164.2min,并发16)
[00:43:34] [646/685] ✓ 织锦芋螺 - OK 205938 bytes (164.2min,并发16)
[00:43:35] [647/685] ✓ 棘冠螺 - OK 219321 bytes (164.2min,并发16)
[00:43:36] [648/685] ✓ 缢蛏 - OK 186634 bytes (164.2min,并发16)
[00:43:40] [649/685] ✓ 紫贻贝 - OK 241084 bytes (164.3min,并发16)
[00:43:40] [650/685] ✓ 菲律宾蛤仔 - OK 188704 bytes (164.3min,并发16)
[00:43:45] [651/685] ✓ 北极贝 - OK 212926 bytes (164.4min,并发16)
[00:44:17] [652/685] ✓ 大法螺 - OK 240832 bytes (164.9min,并发16)
[00:44:19] [653/685] ✓ 翡翠贻贝 - OK 224977 bytes (164.9min,并发16)
[00:44:23] [654/685] ✓ 巨砗磲 - OK 258068 bytes (165.0min,并发16)
[00:44:24] [655/685] ✓ 鳞砗磲 - OK 263091 bytes (165.0min,并发16)
[00:44:55] [656/685] ✓ 泥蚶 - OK 231304 bytes (165.5min,并发16)
[00:45:20] [657/685] ✓ 大西洋海神 - OK 156351 bytes (165.9min,并发16)
[00:45:29] [658/685] ✓ 加州海兔 - OK 214209 bytes (166.1min,并发16)
[00:45:32] [659/685] ✓ 唐冠螺 - OK 216596 bytes (166.1min,并发16)
[00:45:33] [660/685] ✓ 玛瑙芋螺 - OK 178137 bytes (166.1min,并发16)
[00:45:45] [661/685] ✓ 扁玉螺 - OK 163530 bytes (166.3min,并发16)
[00:45:48] [662/685] ✓ 翁戎螺 - OK 198575 bytes (166.4min,并发16)
[00:45:53] [663/685] ✓ 叶羊 - OK 201623 bytes (166.5min,并发16)
[00:45:55] [664/685] ✗ 红鲍 - HTTP400(内容被拒): b'{"error":{"message":"Unable to generate this content. Please modify your prompt and try again.","type":"invalid_request_error","param":"prompt","code"' (166.5min,并发16)
[00:46:00] [665/685] ✓ 白玉蜗牛 - OK 154126 bytes (166.6min,并发16)
[00:46:04] [666/685] ✓ 安娜多彩海蛞蝓 - OK 236285 bytes (166.7min,并发16)
[00:46:07] [667/685] ✓ 皮卡丘海蛞蝓 - OK 186792 bytes (166.7min,并发16)
[00:46:14] [668/685] ✓ 夜光蝾螺 - OK 213936 bytes (166.8min,并发16)
[00:46:16] [669/685] ✓ 紫罗兰海蜗牛 - OK 211092 bytes (166.9min,并发16)
[00:46:18] [670/685] ✓ 西班牙舞娘 - OK 239424 bytes (166.9min,并发16)
[00:46:18] [671/685] ✗ 蜘蛛螺 - HTTP400(内容被拒): b'{"error":{"message":"Unable to generate this content. Please modify your prompt and try again.","type":"invalid_request_error","param":"prompt","code"' (166.9min,并发16)
[00:46:25] [672/685] ✓ 中华圆田螺 - OK 205796 bytes (167.0min,并发16)
[00:46:45] [673/685] ✓ 幽灵蛸 - OK 113975 bytes (167.3min)
[00:46:48] [674/685] ✓ 鸡心螺 - OK 217045 bytes (167.4min)
[00:46:48] [675/685] ✓ 莱氏拟乌贼 - OK 199939 bytes (167.4min)
[00:46:49] [676/685] ✓ 货贝 - OK 204084 bytes (167.4min)
[00:46:50] [677/685] ✓ 曼氏无针乌贼 - OK 172270 bytes (167.4min)
[00:46:54] [678/685] ✓ 太平洋褶柔鱼 - OK 217699 bytes (167.5min)
[00:47:06] [679/685] ✓ 日本蜘蛛蟹 - OK 192295 bytes (167.7min)
[00:47:11] [680/685] ✓ 角贝 - OK 218622 bytes (167.8min)
[00:47:22] [681/685] ✓ 虎斑乌贼 - OK 214535 bytes (168.0min)
[00:47:40] [682/685] ✓ 中国枪乌贼 - OK 216067 bytes (168.3min)
[00:47:42] [683/685] ✓ 红条毛肤石鳖 - OK 238976 bytes (168.3min)
[00:48:17] [684/685] ✓ 虎斑宝贝 - OK 237787 bytes (168.9min)
[00:50:49] [685/685] ✓ 电鳐 - OK 216826 bytes (171.4min)
[00:50:49] ===== 完成: 成功 645, 失败 40, 用时 171.4 分钟 =====
[00:50:49] 失败清单:
[00:50:49]   科摩多巨蜥: HTTP400(内容被拒): b'{"error":{"message":"Unable to generate this content. Please modify your prompt and try again.","type":"invalid_request_error","param":"prompt","code"'
[00:50:49]   缅甸蟒: HTTP400(内容被拒): b'{"error":{"message":"Unable to generate this content. Please modify your prompt and try again.","type":"invalid_request_error","param":"prompt","code"'
[00:50:49]   蝮蛇: HTTP400(内容被拒): b'{"error":{"message":"Unable to generate this content. Please modify your prompt and try again.","type":"invalid_request_error","param":"prompt","code"'
[00:50:49]   鲍鱼: HTTP400(内容被拒): b'{"error":{"message":"Unable to generate this content. Please modify your prompt and try again.","type":"invalid_request_error","param":"prompt","code"'
[00:50:49]   火蝾螈: HTTP400(内容被拒): b'{"error":{"message":"Unable to generate this content. Please modify your prompt and try again.","type":"invalid_request_error","param":"prompt","code"'
[00:50:49]   林蛙: HTTP400(内容被拒): b'{"error":{"message":"Unable to generate this content. Please modify your prompt and try again.","type":"invalid_request_error","param":"prompt","code"'
[00:50:49]   海蟾蜍: HTTP400(内容被拒): b'{"error":{"message":"Unable to generate this content. Please modify your prompt and try again.","type":"invalid_request_error","param":"prompt","code"'
[00:50:49]   鸮鹦鹉: HTTP400(内容被拒): b'{"error":{"message":"Unable to generate this content. Please modify your prompt and try again.","type":"invalid_request_error","param":"prompt","code"'
[00:50:49]   西非海牛: HTTP400(内容被拒): b'{"error":{"message":"Unable to generate this content. Please modify your prompt and try again.","type":"invalid_request_error","param":"prompt","code"'
[00:50:49]   刺参: HTTP400(内容被拒): b'{"error":{"message":"Unable to generate this content. Please modify your prompt and try again.","type":"invalid_request_error","param":"prompt","code"'
[00:50:49]   血雉: 内容安全拦截: blood
[00:50:49]   彩虹八色鸫: HTTP400(内容被拒): b'{"error":{"message":"Unable to generate this content. Please modify your prompt and try again.","type":"invalid_request_error","param":"prompt","code"'
[00:50:49]   箱鲀: HTTP400(内容被拒): b'{"error":{"message":"Unable to generate this content. Please modify your prompt and try again.","type":"invalid_request_error","param":"prompt","code"'
[00:50:49]   锦龟: HTTP400(内容被拒): b'{"error":{"message":"Unable to generate this content. Please modify your prompt and try again.","type":"invalid_request_error","param":"prompt","code"'
[00:50:49]   中华鳖: HTTP400(内容被拒): b'{"error":{"message":"Unable to generate this content. Please modify your prompt and try again.","type":"invalid_request_error","param":"prompt","code"'
[00:50:49]   北方水蛇: HTTP400(内容被拒): b'{"error":{"message":"Unable to generate this content. Please modify your prompt and try again.","type":"invalid_request_error","param":"prompt","code"'
[00:50:49]   地龟: HTTP400(内容被拒): b'{"error":{"message":"Unable to generate this content. Please modify your prompt and try again.","type":"invalid_request_error","param":"prompt","code"'
[00:50:49]   东部箱龟: HTTP400(内容被拒): b'{"error":{"message":"Unable to generate this content. Please modify your prompt and try again.","type":"invalid_request_error","param":"prompt","code"'
[00:50:49]   沙漠鞭尾蜥: HTTP400(内容被拒): b'{"error":{"message":"Unable to generate this content. Please modify your prompt and try again.","type":"invalid_request_error","param":"prompt","code"'
[00:50:49]   钝尾两头蛇: HTTP400(内容被拒): b'{"error":{"message":"Unable to generate this content. Please modify your prompt and try again.","type":"invalid_request_error","param":"prompt","code"'
[00:50:49]   犀牛鬣蜥: HTTP400(内容被拒): b'{"error":{"message":"Unable to generate this content. Please modify your prompt and try again.","type":"invalid_request_error","param":"prompt","code"'
[00:50:49]   峨眉角蟾: HTTP400(内容被拒): b'{"error":{"message":"Unable to generate this content. Please modify your prompt and try again.","type":"invalid_request_error","param":"prompt","code"'
[00:50:49]   东部锄足蟾: HTTP400(内容被拒): b'{"error":{"message":"Unable to generate this content. Please modify your prompt and try again.","type":"invalid_request_error","param":"prompt","code"'
[00:50:49]   加州锄足蟾: HTTP400(内容被拒): b'{"error":{"message":"Unable to generate this content. Please modify your prompt and try again.","type":"invalid_request_error","param":"prompt","code"'
[00:50:49]   泽蛙: HTTP400(内容被拒): b'{"error":{"message":"Unable to generate this content. Please modify your prompt and try again.","type":"invalid_request_error","param":"prompt","code"'
[00:50:49]   版纳鱼螈: HTTP400(内容被拒): b'{"error":{"message":"Unable to generate this content. Please modify your prompt and try again.","type":"invalid_request_error","param":"prompt","code"'
[00:50:49]   神农洁蜣螂: HTTP400(内容被拒): b'{"error":{"message":"Unable to generate this content. Please modify your prompt and try again.","type":"invalid_request_error","param":"prompt","code"'
[00:50:49]   沟金针虫: HTTP400(内容被拒): b'{"error":{"message":"Unable to generate this content. Please modify your prompt and try again.","type":"invalid_request_error","param":"prompt","code"'
[00:50:49]   大黑埋葬虫: HTTP400(内容被拒): b'{"error":{"message":"Unable to generate this content. Please modify your prompt and try again.","type":"invalid_request_error","param":"prompt","code"'
[00:50:49]   南美切叶蚁: HTTP400(内容被拒): b'{"error":{"message":"Unable to generate this content. Please modify your prompt and try again.","type":"invalid_request_error","param":"prompt","code"'
[00:50:49]   华北蝼蛄: HTTP400(内容被拒): b'{"error":{"message":"Unable to generate this content. Please modify your prompt and try again.","type":"invalid_request_error","param":"prompt","code"'
[00:50:49]   德国小蠊: HTTP400(内容被拒): b'{"error":{"message":"Unable to generate this content. Please modify your prompt and try again.","type":"invalid_request_error","param":"prompt","code"'
[00:50:49]   丽叩甲: HTTP400(内容被拒): b'{"error":{"message":"Unable to generate this content. Please modify your prompt and try again.","type":"invalid_request_error","param":"prompt","code"'
[00:50:49]   黑翅土白蚁: HTTP400(内容被拒): b'{"error":{"message":"Unable to generate this content. Please modify your prompt and try again.","type":"invalid_request_error","param":"prompt","code"'
[00:50:49]   双斑蟋: HTTP400(内容被拒): b'{"error":{"message":"Unable to generate this content. Please modify your prompt and try again.","type":"invalid_request_error","param":"prompt","code"'
[00:50:49]   眼斑螳螂: HTTP400(内容被拒): b'{"error":{"message":"Unable to generate this content. Please modify your prompt and try again.","type":"invalid_request_error","param":"prompt","code"'
[00:50:49]   和尚蟹: HTTP400(内容被拒): b'{"error":{"message":"Unable to generate this content. Please modify your prompt and try again.","type":"invalid_request_error","param":"prompt","code"'
[00:50:49]   欧洲平牡蛎: HTTP400(内容被拒): b'{"error":{"message":"Unable to generate this content. Please modify your prompt and try again.","type":"invalid_request_error","param":"prompt","code"'
[00:50:49]   红鲍: HTTP400(内容被拒): b'{"error":{"message":"Unable to generate this content. Please modify your prompt and try again.","type":"invalid_request_error","param":"prompt","code"'
[00:50:49]   蜘蛛螺: HTTP400(内容被拒): b'{"error":{"message":"Unable to generate this content. Please modify your prompt and try again.","type":"invalid_request_error","param":"prompt","code"'
[01:14:36] ===== 开始生成 1000 张动物配图 (v2.0 16路并发) =====
[01:14:36] 待生成: 49 / 总 1000 (已存在 951)
[01:14:56] [1/49] ✓ 林蛙 - OK 227112 bytes (0.3min,并发16)
[01:14:58] [2/49] ✓ 美洲野牛 - OK 185971 bytes (0.4min,并发16)
[01:14:59] [3/49] ✓ 大天鹅 - OK 113804 bytes (0.4min,并发16)
[01:15:01] [4/49] ✓ 九带犰狳 - OK 248891 bytes (0.4min,并发16)
[01:15:05] [5/49] ✓ 海蟾蜍 - OK 228315 bytes (0.5min,并发16)
[01:15:14] [6/49] ✓ 科摩多巨蜥 - OK 256468 bytes (0.6min,并发16)
[01:15:16] [7/49] ✓ 盲蛇 - OK 188284 bytes (0.7min,并发16)
[01:15:18] [8/49] ✓ 黄麂 - OK 225126 bytes (0.7min,并发16)
[01:15:41] [9/49] ✓ 羊驼 - OK 205354 bytes (1.1min,并发16)
[01:15:42] [10/49] ✓ 貂熊 - OK 200652 bytes (1.1min,并发16)
[01:15:58] [11/49] ✓ 鸮鹦鹉 - OK 210939 bytes (1.4min,并发16)
[01:17:15] [12/49] ✗ 缅甸蟒 - HTTP400(内容被拒): b'{"error":{"message":"Unable to generate this content. Please modify your prompt and try again.","type":"invalid_request_error","param":"prompt","code"' (2.6min,并发16)
[01:17:25] [13/49] ✗ 刺参 - HTTP400(内容被拒): b'{"error":{"message":"Unable to generate this content. Please modify your prompt and try again.","type":"invalid_request_error","param":"prompt","code"' (2.8min,并发16)
[01:17:45] [14/49] ✗ 蝮蛇 - HTTP400(内容被拒): b'{"error":{"message":"Unable to generate this content. Please modify your prompt and try again.","type":"invalid_request_error","param":"prompt","code"' (3.1min,并发16)
[01:18:10] [15/49] ✗ 火蝾螈 - HTTP400(内容被拒): b'{"error":{"message":"Unable to generate this content. Please modify your prompt and try again.","type":"invalid_request_error","param":"prompt","code"' (3.6min,并发16)
[01:18:38] [16/49] ✗ 鲍鱼 - HTTP400(内容被拒): b'{"error":{"message":"Unable to generate this content. Please modify your prompt and try again.","type":"invalid_request_error","param":"prompt","code"' (4.0min,并发16)
[01:19:00] [17/49] ✓ 凤头鸊鷉 - OK 123150 bytes (4.4min,并发16)
[01:19:01] [18/49] ✓ 中华鳖 - OK 206170 bytes (4.4min,并发16)
[01:19:01] [19/49] ✓ 西非海牛 - OK 189154 bytes (4.4min,并发16)
[01:19:02] [20/49] ✓ 箱鲀 - OK 229257 bytes (4.4min,并发16)
[01:19:03] [21/49] ✓ 白眉长臂猿 - OK 206939 bytes (4.4min,并发16)
[01:19:04] [22/49] ✓ 彩虹八色鸫 - OK 180796 bytes (4.5min,并发16)
[01:19:04] [23/49] ✓ 犀牛鬣蜥 - OK 253822 bytes (4.5min,并发16)
[01:19:09] [24/49] ✓ 东部箱龟 - OK 212078 bytes (4.5min,并发16)
[01:19:12] [25/49] ✓ 北方水蛇 - OK 229885 bytes (4.6min,并发16)
[01:19:13] [26/49] ✓ 锦龟 - OK 251612 bytes (4.6min,并发16)
[01:19:42] [27/49] ✓ 沙漠鞭尾蜥 - OK 187656 bytes (5.1min,并发16)
[01:19:45] [28/49] ✓ 血雉 - OK 239488 bytes (5.1min,并发16)
[01:20:24] [29/49] ✓ 泽蛙 - OK 174618 bytes (5.8min,并发16)
[01:20:37] [30/49] ✓ 钝尾两头蛇 - OK 221567 bytes (6.0min,并发16)
[01:21:33] [31/49] ✗ 东部锄足蟾 - HTTP400(内容被拒): b'{"error":{"message":"Unable to generate this content. Please modify your prompt and try again.","type":"invalid_request_error","param":"prompt","code"' (6.9min,并发16)
[01:22:11] [32/49] ✓ 地龟 - OK 247917 bytes (7.6min,并发16)
[01:22:34] [33/49] ✓ 大黑埋葬虫 - OK 180982 bytes (8.0min,并发16)
[01:22:35] [34/49] ✓ 和尚蟹 - OK 224730 bytes (8.0min,并发16)
[01:22:36] [35/49] ✓ 版纳鱼螈 - OK 229624 bytes (8.0min,并发16)
[01:22:36] [36/49] ✓ 双斑蟋 - OK 202695 bytes (8.0min,并发16)
[01:22:49] [37/49] ✓ 眼斑螳螂 - OK 132770 bytes (8.2min,并发16)
[01:23:59] [38/49] ✓ 丽叩甲 - OK 221383 bytes (9.4min,并发16)
[01:24:50] [39/49] ✓ 黑翅土白蚁 - OK 200101 bytes (10.2min,并发16)
[01:24:59] [40/49] ✗ 沟金针虫 - HTTP400(内容被拒): b'{"error":{"message":"Unable to generate this content. Please modify your prompt and try again.","type":"invalid_request_error","param":"prompt","code"' (10.4min,并发16)
[01:25:06] [41/49] ✗ 德国小蠊 - HTTP400(内容被拒): b'{"error":{"message":"Unable to generate this content. Please modify your prompt and try again.","type":"invalid_request_error","param":"prompt","code"' (10.5min,并发16)
[01:25:06] [42/49] ✗ 红鲍 - HTTP400(内容被拒): b'{"error":{"message":"Unable to generate this content. Please modify your prompt and try again.","type":"invalid_request_error","param":"prompt","code"' (10.5min,并发16)
[01:25:17] [43/49] ✗ 欧洲平牡蛎 - HTTP400(内容被拒): b'{"error":{"message":"Unable to generate this content. Please modify your prompt and try again.","type":"invalid_request_error","param":"prompt","code"' (10.7min,并发16)
[01:25:23] [44/49] ✗ 加州锄足蟾 - HTTP400(内容被拒): b'{"error":{"message":"Unable to generate this content. Please modify your prompt and try again.","type":"invalid_request_error","param":"prompt","code"' (10.8min,并发16)
[01:25:26] [45/49] ✓ 南美切叶蚁 - OK 222589 bytes (10.8min,并发16)
[01:25:40] [46/49] ✓ 神农洁蜣螂 - OK 201392 bytes (11.1min,并发16)
[01:26:15] [47/49] ✗ 峨眉角蟾 - HTTP400(内容被拒): b'{"error":{"message":"Unable to generate this content. Please modify your prompt and try again.","type":"invalid_request_error","param":"prompt","code"' (11.6min,并发16)
[01:26:26] [48/49] ✗ 华北蝼蛄 - HTTP400(内容被拒): b'{"error":{"message":"Unable to generate this content. Please modify your prompt and try again.","type":"invalid_request_error","param":"prompt","code"' (11.8min,并发16)
[01:26:50] [49/49] ✓ 蜘蛛螺 - OK 216454 bytes (12.2min)
[01:26:50] ===== 完成: 成功 36, 失败 13, 用时 12.2 分钟 =====
[01:26:50] 失败清单:
[01:26:50]   缅甸蟒: HTTP400(内容被拒): b'{"error":{"message":"Unable to generate this content. Please modify your prompt and try again.","type":"invalid_request_error","param":"prompt","code"'
[01:26:50]   刺参: HTTP400(内容被拒): b'{"error":{"message":"Unable to generate this content. Please modify your prompt and try again.","type":"invalid_request_error","param":"prompt","code"'
[01:26:50]   蝮蛇: HTTP400(内容被拒): b'{"error":{"message":"Unable to generate this content. Please modify your prompt and try again.","type":"invalid_request_error","param":"prompt","code"'
[01:26:50]   火蝾螈: HTTP400(内容被拒): b'{"error":{"message":"Unable to generate this content. Please modify your prompt and try again.","type":"invalid_request_error","param":"prompt","code"'
[01:26:50]   鲍鱼: HTTP400(内容被拒): b'{"error":{"message":"Unable to generate this content. Please modify your prompt and try again.","type":"invalid_request_error","param":"prompt","code"'
[01:26:50]   东部锄足蟾: HTTP400(内容被拒): b'{"error":{"message":"Unable to generate this content. Please modify your prompt and try again.","type":"invalid_request_error","param":"prompt","code"'
[01:26:50]   沟金针虫: HTTP400(内容被拒): b'{"error":{"message":"Unable to generate this content. Please modify your prompt and try again.","type":"invalid_request_error","param":"prompt","code"'
[01:26:50]   德国小蠊: HTTP400(内容被拒): b'{"error":{"message":"Unable to generate this content. Please modify your prompt and try again.","type":"invalid_request_error","param":"prompt","code"'
[01:26:50]   红鲍: HTTP400(内容被拒): b'{"error":{"message":"Unable to generate this content. Please modify your prompt and try again.","type":"invalid_request_error","param":"prompt","code"'
[01:26:50]   欧洲平牡蛎: HTTP400(内容被拒): b'{"error":{"message":"Unable to generate this content. Please modify your prompt and try again.","type":"invalid_request_error","param":"prompt","code"'
[01:26:50]   加州锄足蟾: HTTP400(内容被拒): b'{"error":{"message":"Unable to generate this content. Please modify your prompt and try again.","type":"invalid_request_error","param":"prompt","code"'
[01:26:50]   峨眉角蟾: HTTP400(内容被拒): b'{"error":{"message":"Unable to generate this content. Please modify your prompt and try again.","type":"invalid_request_error","param":"prompt","code"'
[01:26:50]   华北蝼蛄: HTTP400(内容被拒): b'{"error":{"message":"Unable to generate this content. Please modify your prompt and try again.","type":"invalid_request_error","param":"prompt","code"'
[01:27:09] ===== 开始生成 1000 张动物配图 (v2.0 16路并发) =====
[01:27:09] 待生成: 13 / 总 1000 (已存在 987)
[01:27:30] [1/13] ✓ 红鲍 - OK 244845 bytes (0.3min)
[01:27:31] [2/13] ✓ 欧洲平牡蛎 - OK 232470 bytes (0.4min)
[01:27:32] [3/13] ✓ 刺参 - OK 233909 bytes (0.4min)
[01:27:34] [4/13] ✓ 沟金针虫 - OK 188229 bytes (0.4min)
[01:27:35] [5/13] ✓ 鲍鱼 - OK 231466 bytes (0.4min)
[01:27:43] [6/13] ✓ 蝮蛇 - OK 226271 bytes (0.6min)
[01:28:50] [7/13] ✓ 德国小蠊 - OK 176878 bytes (1.7min)
[01:29:04] [8/13] ✓ 华北蝼蛄 - OK 230314 bytes (1.9min)
[01:29:47] [9/13] ✗ 缅甸蟒 - HTTP400(内容被拒): b'{"error":{"message":"Unable to generate this content. Please modify your prompt and try again.","type":"invalid_request_error","param":"prompt","code"' (2.6min)
[01:29:51] [10/13] ✗ 东部锄足蟾 - HTTP400(内容被拒): b'{"error":{"message":"Unable to generate this content. Please modify your prompt and try again.","type":"invalid_request_error","param":"prompt","code"' (2.7min)
[01:29:57] [11/13] ✗ 峨眉角蟾 - HTTP400(内容被拒): b'{"error":{"message":"Unable to generate this content. Please modify your prompt and try again.","type":"invalid_request_error","param":"prompt","code"' (2.8min)
[01:29:58] [12/13] ✓ 火蝾螈 - OK 207255 bytes (2.8min)
[01:31:02] [13/13] ✗ 加州锄足蟾 - HTTP400(内容被拒): b'{"error":{"message":"Unable to generate this content. Please modify your prompt and try again.","type":"invalid_request_error","param":"prompt","code"' (3.9min)
[01:31:02] ===== 完成: 成功 9, 失败 4, 用时 3.9 分钟 =====
[01:31:02] 失败清单:
[01:31:02]   缅甸蟒: HTTP400(内容被拒): b'{"error":{"message":"Unable to generate this content. Please modify your prompt and try again.","type":"invalid_request_error","param":"prompt","code"'
[01:31:02]   东部锄足蟾: HTTP400(内容被拒): b'{"error":{"message":"Unable to generate this content. Please modify your prompt and try again.","type":"invalid_request_error","param":"prompt","code"'
[01:31:02]   峨眉角蟾: HTTP400(内容被拒): b'{"error":{"message":"Unable to generate this content. Please modify your prompt and try again.","type":"invalid_request_error","param":"prompt","code"'
[01:31:02]   加州锄足蟾: HTTP400(内容被拒): b'{"error":{"message":"Unable to generate this content. Please modify your prompt and try again.","type":"invalid_request_error","param":"prompt","code"'
[01:31:13] ===== 开始生成 1000 张动物配图 (v2.0 16路并发) =====
[01:31:13] 待生成: 4 / 总 1000 (已存在 996)
[01:34:08] [1/4] ✗ 东部锄足蟾 - HTTP400(内容被拒): b'{"error":{"message":"Unable to generate this content. Please modify your prompt and try again.","type":"invalid_request_error","param":"prompt","code"' (2.9min)
[01:34:37] [2/4] ✗ 峨眉角蟾 - HTTP400(内容被拒): b'{"error":{"message":"Unable to generate this content. Please modify your prompt and try again.","type":"invalid_request_error","param":"prompt","code"' (3.4min)
[01:34:55] [3/4] ✗ 缅甸蟒 - HTTP400(内容被拒): b'{"error":{"message":"Unable to generate this content. Please modify your prompt and try again.","type":"invalid_request_error","param":"prompt","code"' (3.7min)
[01:35:02] [4/4] ✗ 加州锄足蟾 - HTTP400(内容被拒): b'{"error":{"message":"Unable to generate this content. Please modify your prompt and try again.","type":"invalid_request_error","param":"prompt","code"' (3.8min)
[01:35:02] ===== 完成: 成功 0, 失败 4, 用时 3.8 分钟 =====
[01:35:02] 失败清单:
[01:35:02]   东部锄足蟾: HTTP400(内容被拒): b'{"error":{"message":"Unable to generate this content. Please modify your prompt and try again.","type":"invalid_request_error","param":"prompt","code"'
[01:35:02]   峨眉角蟾: HTTP400(内容被拒): b'{"error":{"message":"Unable to generate this content. Please modify your prompt and try again.","type":"invalid_request_error","param":"prompt","code"'
[01:35:02]   缅甸蟒: HTTP400(内容被拒): b'{"error":{"message":"Unable to generate this content. Please modify your prompt and try again.","type":"invalid_request_error","param":"prompt","code"'
[01:35:02]   加州锄足蟾: HTTP400(内容被拒): b'{"error":{"message":"Unable to generate this content. Please modify your prompt and try again.","type":"invalid_request_error","param":"prompt","code"'
[01:40:25] ===== 开始生成 1000 张动物配图 (v2.0 16路并发) =====
[01:40:25] 待生成: 4 / 总 1000 (已存在 996)
[01:40:54] [1/4] ✓ 加州锄足蟾 - OK 187731 bytes (0.5min)
[01:40:56] [2/4] ✓ 峨眉角蟾 - OK 237952 bytes (0.5min)
[01:41:06] [3/4] ✓ 缅甸蟒 - OK 237409 bytes (0.7min)
[01:43:32] [4/4] ✗ 东部锄足蟾 - HTTP400(内容被拒): b'{"error":{"message":"Unable to generate this content. Please modify your prompt and try again.","type":"invalid_request_error","param":"prompt","code"' (3.1min)
[01:43:32] ===== 完成: 成功 3, 失败 1, 用时 3.1 分钟 =====
[01:43:32] 失败清单:
[01:43:32]   东部锄足蟾: HTTP400(内容被拒): b'{"error":{"message":"Unable to generate this content. Please modify your prompt and try again.","type":"invalid_request_error","param":"prompt","code"'
